rank,satellite,stk_name,ground_station,aos_utc,los_utc,aos_local_utc8,dur_s,aos_az,max_el,t_max_el_utc,los_az,min_range_km
1,R01_T15_OBJECT_H_66673,tle-66673,NTUT,2026-09-15 13:56:50,2026-09-15 14:03:58,2026-09-15 21:56:50,428.2,161.1,68.7,2026-09-15 14:00:20,354.5,522.9
1,R01_T15_OBJECT_H_66673,tle-66673,NTUT,2026-09-16 01:35:04,2026-09-16 01:37:13,2026-09-16 09:35:04,129.6,78.0,11.0,2026-09-16 01:36:04,113.0,1613.1
1,R01_T15_OBJECT_H_66673,tle-66673,NTUT,2026-09-16 03:06:37,2026-09-16 03:12:38,2026-09-16 11:06:37,361.0,341.7,25.0,2026-09-16 03:09:37,228.7,1019.5
1,R01_T15_OBJECT_H_66673,tle-66673,NTUT,2026-09-16 13:34:43,2026-09-16 13:41:02,2026-09-16 21:34:43,378.7,137.0,29.4,2026-09-16 13:37:53,13.6,905.3
1,R01_T15_OBJECT_H_66673,tle-66673,NTUT,2026-09-17 02:43:33,2026-09-17 02:50:38,2026-09-17 10:43:33,425.6,1.4,56.3,2026-09-17 02:47:03,204.1,584.5
1,R01_T15_OBJECT_H_66673,tle-66673,NTUT,2026-09-17 13:13:24,2026-09-17 13:17:21,2026-09-17 21:13:24,236.6,106.2,14.2,2026-09-17 13:15:24,39.2,1422.4
1,R01_T15_OBJECT_H_66673,tle-66673,NTUT,2026-09-17 14:46:01,2026-09-17 14:51:22,2026-09-17 22:46:01,321.2,214.3,19.7,2026-09-17 14:48:41,311.3,1181.7
1,R01_T15_OBJECT_H_66673,tle-66673,NTUT,2026-09-18 02:20:54,2026-09-18 02:28:03,2026-09-18 10:20:54,428.5,19.6,59.4,2026-09-18 02:24:34,181.0,567.1
1,R01_T15_OBJECT_H_66673,tle-66673,NTUT,2026-09-18 14:22:33,2026-09-18 14:29:25,2026-09-18 22:22:33,411.6,187.4,43.1,2026-09-18 14:26:03,333.6,688.2
1,R01_T15_OBJECT_H_66673,tle-66673,NTUT,2026-09-19 01:58:43,2026-09-19 02:04:51,2026-09-19 09:58:43,368.2,39.8,25.8,2026-09-19 02:01:43,156.2,999.5
1,R01_T15_OBJECT_H_66673,tle-66673,NTUT,2026-09-19 03:33:55,2026-09-19 03:36:05,2026-09-19 11:33:55,129.4,305.7,11.1,2026-09-19 03:35:05,270.7,1613.4
1,R01_T15_OBJECT_H_66673,tle-66673,NTUT,2026-09-19 13:59:44,2026-09-19 14:06:53,2026-09-19 21:59:44,429.4,164.0,76.6,2026-09-19 14:03:14,352.2,501.5
1,R01_T15_OBJECT_H_66673,tle-66673,NTUT,2026-09-20 01:37:29,2026-09-20 01:40:32,2026-09-20 09:37:29,183.5,70.6,12.2,2026-09-20 01:38:59,120.9,1543.8
1,R01_T15_OBJECT_H_66673,tle-66673,NTUT,2026-09-20 03:09:33,2026-09-20 03:15:21,2026-09-20 11:09:33,348.2,339.0,22.9,2026-09-20 03:12:23,232.1,1083.0
1,R01_T15_OBJECT_H_66673,tle-66673,NTUT,2026-09-20 13:37:26,2026-09-20 13:43:53,2026-09-20 21:37:26,387.6,140.0,32.2,2026-09-20 13:40:36,11.2,847.4
1,R01_T15_OBJECT_H_66673,tle-66673,NTUT,2026-09-21 02:46:18,2026-09-21 02:53:20,2026-09-21 10:46:18,422.1,359.3,50.8,2026-09-21 02:49:48,206.8,624.2
1,R01_T15_OBJECT_H_66673,tle-66673,NTUT,2026-09-21 13:15:52,2026-09-21 13:20:13,2026-09-21 21:15:52,260.8,110.5,15.4,2026-09-21 13:18:02,35.4,1360.6
1,R01_T15_OBJECT_H_66673,tle-66673,NTUT,2026-09-21 14:48:50,2026-09-21 14:53:53,2026-09-21 22:48:50,302.7,218.1,18.1,2026-09-21 14:51:20,308.1,1243.6
1,R01_T15_OBJECT_H_66673,tle-66673,NTUT,2026-09-22 02:23:30,2026-09-22 02:30:41,2026-09-22 10:23:30,431.6,17.6,65.9,2026-09-22 02:27:10,183.7,538.2
1,R01_T15_OBJECT_H_66673,tle-66673,TASA,2026-09-15 13:56:49,2026-09-15 14:03:55,2026-09-15 21:56:49,426.0,158.7,62.6,2026-09-15 14:00:19,356.4,546.3
1,R01_T15_OBJECT_H_66673,tle-66673,TASA,2026-09-16 01:35:40,2026-09-16 01:36:46,2026-09-16 09:35:40,65.7,86.6,10.3,2026-09-16 01:36:10,104.1,1663.3
1,R01_T15_OBJECT_H_66673,tle-66673,TASA,2026-09-16 03:06:38,2026-09-16 03:12:47,2026-09-16 11:06:38,369.1,343.4,26.6,2026-09-16 03:09:48,226.5,979.4
1,R01_T15_OBJECT_H_66673,tle-66673,TASA,2026-09-16 13:34:46,2026-09-16 13:40:56,2026-09-16 21:34:46,369.3,134.3,27.1,2026-09-16 13:37:56,15.9,958.0
1,R01_T15_OBJECT_H_66673,tle-66673,TASA,2026-09-17 02:43:37,2026-09-17 02:50:45,2026-09-17 10:43:37,428.0,2.9,60.7,2026-09-17 02:47:07,202.1,560.6
1,R01_T15_OBJECT_H_66673,tle-66673,TASA,2026-09-17 13:13:37,2026-09-17 13:17:06,2026-09-17 21:13:37,209.1,101.7,13.1,2026-09-17 13:15:17,43.2,1480.7
1,R01_T15_OBJECT_H_66673,tle-66673,TASA,2026-09-17 14:45:51,2026-09-17 14:51:26,2026-09-17 22:45:51,334.9,211.2,21.2,2026-09-17 14:48:41,313.8,1128.4
1,R01_T15_OBJECT_H_66673,tle-66673,TASA,2026-09-18 02:21:01,2026-09-18 02:28:07,2026-09-18 10:21:01,426.1,21.2,55.1,2026-09-18 02:24:31,179.1,592.7
1,R01_T15_OBJECT_H_66673,tle-66673,TASA,2026-09-18 14:22:29,2026-09-18 14:29:25,2026-09-18 22:22:29,416.2,185.0,47.2,2026-09-18 14:25:59,335.5,647.1
1,R01_T15_OBJECT_H_66673,tle-66673,TASA,2026-09-19 01:58:52,2026-09-19 02:04:51,2026-09-19 09:58:52,359.1,41.9,24.2,2026-09-19 02:01:52,153.9,1044.0
1,R01_T15_OBJECT_H_66673,tle-66673,TASA,2026-09-19 03:33:44,2026-09-19 03:36:28,2026-09-19 11:33:44,163.2,310.2,11.8,2026-09-19 03:35:04,265.7,1571.0
1,R01_T15_OBJECT_H_66673,tle-66673,TASA,2026-09-19 13:59:43,2026-09-19 14:06:50,2026-09-19 21:59:43,427.9,161.6,70.2,2026-09-19 14:03:13,354.1,517.3
1,R01_T15_OBJECT_H_66673,tle-66673,TASA,2026-09-20 01:37:51,2026-09-20 01:40:19,2026-09-20 09:37:51,147.8,75.6,11.4,2026-09-20 01:39:01,115.7,1594.1
1,R01_T15_OBJECT_H_66673,tle-66673,TASA,2026-09-20 03:09:34,2026-09-20 03:15:32,2026-09-20 11:09:34,357.2,340.8,24.3,2026-09-20 03:12:34,229.8,1041.2
1,R01_T15_OBJECT_H_66673,tle-66673,TASA,2026-09-20 13:37:28,2026-09-20 13:43:47,2026-09-20 21:37:28,379.3,137.4,29.7,2026-09-20 13:40:38,13.4,897.6
1,R01_T15_OBJECT_H_66673,tle-66673,TASA,2026-09-21 02:46:22,2026-09-21 02:53:27,2026-09-21 10:46:22,425.0,0.8,54.6,2026-09-21 02:49:52,204.8,596.2
1,R01_T15_OBJECT_H_66673,tle-66673,TASA,2026-09-21 13:16:02,2026-09-21 13:20:00,2026-09-21 21:16:02,237.4,106.5,14.3,2026-09-21 13:18:02,39.1,1418.1
1,R01_T15_OBJECT_H_66673,tle-66673,TASA,2026-09-21 14:48:40,2026-09-21 14:53:58,2026-09-21 22:48:40,318.2,214.8,19.4,2026-09-21 14:51:20,310.8,1189.6
1,R01_T15_OBJECT_H_66673,tle-66673,TASA,2026-09-22 02:23:36,2026-09-22 02:30:46,2026-09-22 10:23:36,429.7,19.1,61.0,2026-09-22 02:27:16,181.7,560.0
2,R02_T15_OBJECT_R_66681,tle-66681,NTUT,2026-09-15 13:17:16,2026-09-15 13:21:40,2026-09-15 21:17:16,264.3,111.4,15.7,2026-09-15 13:19:26,34.8,1344.7
2,R02_T15_OBJECT_R_66681,tle-66681,NTUT,2026-09-15 14:50:15,2026-09-15 14:55:12,2026-09-15 22:50:15,296.7,219.1,17.7,2026-09-15 14:52:45,307.2,1256.4
2,R02_T15_OBJECT_R_66681,tle-66681,NTUT,2026-09-16 02:24:21,2026-09-16 02:31:29,2026-09-16 10:24:21,427.7,17.6,65.7,2026-09-16 02:27:51,183.6,532.9
2,R02_T15_OBJECT_R_66681,tle-66681,NTUT,2026-09-16 14:25:26,2026-09-16 14:32:11,2026-09-16 22:25:26,405.1,189.6,39.9,2026-09-16 14:28:46,331.8,722.5
2,R02_T15_OBJECT_R_66681,tle-66681,NTUT,2026-09-17 02:00:55,2026-09-17 02:07:06,2026-09-17 10:00:55,370.3,38.7,26.8,2026-09-17 02:04:05,157.6,965.4
2,R02_T15_OBJECT_R_66681,tle-66681,NTUT,2026-09-17 03:36:27,2026-09-17 03:37:49,2026-09-17 11:36:27,82.5,299.5,10.4,2026-09-17 03:37:07,277.2,1642.0
2,R02_T15_OBJECT_R_66681,tle-66681,NTUT,2026-09-17 14:01:21,2026-09-17 14:08:29,2026-09-17 22:01:21,427.8,164.7,78.8,2026-09-17 14:04:51,351.7,494.7
2,R02_T15_OBJECT_R_66681,tle-66681,NTUT,2026-09-18 01:38:32,2026-09-18 01:41:31,2026-09-18 09:38:32,178.6,71.1,12.1,2026-09-18 01:40:02,120.4,1537.6
2,R02_T15_OBJECT_R_66681,tle-66681,NTUT,2026-09-18 03:10:32,2026-09-18 03:16:15,2026-09-18 11:10:32,343.8,338.7,22.7,2026-09-18 03:13:22,232.4,1081.8
2,R02_T15_OBJECT_R_66681,tle-66681,NTUT,2026-09-18 13:37:52,2026-09-18 13:44:16,2026-09-18 21:37:52,383.9,139.4,31.5,2026-09-18 13:41:02,11.8,855.2
2,R02_T15_OBJECT_R_66681,tle-66681,NTUT,2026-09-19 02:46:03,2026-09-19 02:53:04,2026-09-19 10:46:03,420.4,0.1,52.8,2026-09-19 02:49:33,205.7,602.7
2,R02_T15_OBJECT_R_66681,tle-66681,NTUT,2026-09-19 13:15:14,2026-09-19 13:19:16,2026-09-19 21:15:14,241.9,107.4,14.5,2026-09-19 13:17:14,38.2,1398.8
2,R02_T15_OBJECT_R_66681,tle-66681,NTUT,2026-09-19 14:47:53,2026-09-19 14:53:05,2026-09-19 22:47:53,312.4,215.8,19.0,2026-09-19 14:50:33,310.0,1200.4
2,R02_T15_OBJECT_R_66681,tle-66681,NTUT,2026-09-20 02:22:05,2026-09-20 02:29:11,2026-09-20 10:22:05,425.8,19.5,59.8,2026-09-20 02:25:35,181.2,560.2
2,R02_T15_OBJECT_R_66681,tle-66681,NTUT,2026-09-20 14:23:04,2026-09-20 14:29:54,2026-09-20 22:23:04,410.0,187.0,43.7,2026-09-20 14:26:24,333.9,677.1
2,R02_T15_OBJECT_R_66681,tle-66681,NTUT,2026-09-21 01:58:38,2026-09-21 02:04:38,2026-09-21 09:58:38,359.9,41.1,24.7,2026-09-21 02:01:38,154.7,1021.4
2,R02_T15_OBJECT_R_66681,tle-66681,NTUT,2026-09-21 03:33:34,2026-09-21 03:35:59,2026-09-21 11:33:34,145.2,307.9,11.4,2026-09-21 03:34:44,268.3,1583.7
2,R02_T15_OBJECT_R_66681,tle-66681,NTUT,2026-09-21 13:58:57,2026-09-21 14:06:03,2026-09-21 21:58:57,425.9,162.2,71.7,2026-09-21 14:02:27,353.7,509.0
2,R02_T15_OBJECT_R_66681,tle-66681,NTUT,2026-09-22 01:36:27,2026-09-22 01:38:39,2026-09-22 09:36:27,131.3,77.6,11.1,2026-09-22 01:37:37,113.4,1601.6
2,R02_T15_OBJECT_R_66681,tle-66681,NTUT,2026-09-22 03:07:57,2026-09-22 03:13:54,2026-09-22 11:07:57,356.9,341.3,24.6,2026-09-22 03:10:57,229.3,1024.3
2,R02_T15_OBJECT_R_66681,tle-66681,TASA,2026-09-15 13:17:26,2026-09-15 13:21:28,2026-09-15 21:17:26,241.6,107.4,14.5,2026-09-15 13:19:26,38.4,1402.0
2,R02_T15_OBJECT_R_66681,tle-66681,TASA,2026-09-15 14:50:05,2026-09-15 14:55:17,2026-09-15 22:50:05,312.6,215.8,19.0,2026-09-15 14:52:45,309.9,1202.7
2,R02_T15_OBJECT_R_66681,tle-66681,TASA,2026-09-16 02:24:27,2026-09-16 02:31:33,2026-09-16 10:24:27,425.8,19.2,60.9,2026-09-16 02:27:57,181.7,554.0
2,R02_T15_OBJECT_R_66681,tle-66681,TASA,2026-09-16 14:25:21,2026-09-16 14:32:11,2026-09-16 22:25:21,410.3,187.1,43.5,2026-09-16 14:28:51,333.8,680.2
2,R02_T15_OBJECT_R_66681,tle-66681,TASA,2026-09-17 02:01:05,2026-09-17 02:07:06,2026-09-17 10:01:05,361.6,40.7,25.1,2026-09-17 02:04:05,155.3,1009.7
2,R02_T15_OBJECT_R_66681,tle-66681,TASA,2026-09-17 03:36:09,2026-09-17 03:38:19,2026-09-17 11:36:09,129.8,305.8,11.1,2026-09-17 03:37:19,270.4,1600.0
2,R02_T15_OBJECT_R_66681,tle-66681,TASA,2026-09-17 14:01:20,2026-09-17 14:08:26,2026-09-17 22:01:20,426.5,162.4,72.2,2026-09-17 14:04:50,353.6,508.5
2,R02_T15_OBJECT_R_66681,tle-66681,TASA,2026-09-18 01:38:55,2026-09-18 01:41:17,2026-09-18 09:38:55,141.9,76.2,11.3,2026-09-18 01:40:05,115.0,1587.6
2,R02_T15_OBJECT_R_66681,tle-66681,TASA,2026-09-18 03:10:33,2026-09-18 03:16:26,2026-09-18 11:10:33,352.9,340.5,24.0,2026-09-18 03:13:33,230.1,1040.7
2,R02_T15_OBJECT_R_66681,tle-66681,TASA,2026-09-18 13:37:55,2026-09-18 13:44:10,2026-09-18 21:37:55,375.4,136.7,29.0,2026-09-18 13:41:05,14.0,906.2
2,R02_T15_OBJECT_R_66681,tle-66681,TASA,2026-09-19 02:46:07,2026-09-19 02:53:10,2026-09-19 10:46:07,423.2,1.6,56.9,2026-09-19 02:49:37,203.7,576.0
2,R02_T15_OBJECT_R_66681,tle-66681,TASA,2026-09-19 13:15:26,2026-09-19 13:19:02,2026-09-19 21:15:26,215.6,103.0,13.4,2026-09-19 13:17:16,42.1,1456.6
2,R02_T15_OBJECT_R_66681,tle-66681,TASA,2026-09-19 14:47:43,2026-09-19 14:53:10,2026-09-19 22:47:43,326.7,212.6,20.5,2026-09-19 14:50:23,312.6,1146.7
2,R02_T15_OBJECT_R_66681,tle-66681,TASA,2026-09-20 02:22:11,2026-09-20 02:29:15,2026-09-20 10:22:11,423.4,21.1,55.4,2026-09-20 02:25:41,179.2,585.7
2,R02_T15_OBJECT_R_66681,tle-66681,TASA,2026-09-20 14:22:59,2026-09-20 14:29:53,2026-09-20 22:22:59,414.5,184.6,47.9,2026-09-20 14:26:29,335.8,636.4
2,R02_T15_OBJECT_R_66681,tle-66681,TASA,2026-09-21 01:58:48,2026-09-21 02:04:38,2026-09-21 09:58:48,350.1,43.2,23.1,2026-09-21 02:01:48,152.2,1067.4
2,R02_T15_OBJECT_R_66681,tle-66681,TASA,2026-09-21 03:33:25,2026-09-21 03:36:20,2026-09-21 11:33:25,175.4,312.0,12.1,2026-09-21 03:34:55,263.6,1541.2
2,R02_T15_OBJECT_R_66681,tle-66681,TASA,2026-09-21 13:58:56,2026-09-21 14:06:00,2026-09-21 21:58:56,423.9,159.8,65.3,2026-09-21 14:02:26,355.6,530.1
2,R02_T15_OBJECT_R_66681,tle-66681,TASA,2026-09-22 01:37:03,2026-09-22 01:38:12,2026-09-22 09:37:03,69.9,86.0,10.3,2026-09-22 01:37:33,104.8,1652.1
2,R02_T15_OBJECT_R_66681,tle-66681,TASA,2026-09-22 03:07:59,2026-09-22 03:14:04,2026-09-22 11:07:59,365.1,343.0,26.1,2026-09-22 03:10:59,227.0,983.7
3,R03_T15_OBJECT_AB_66691,tle-66691,NTUT,2026-09-15 13:42:55,2026-09-15 13:49:51,2026-09-15 21:42:55,415.7,148.4,42.7,2026-09-15 13:46:25,4.5,706.7
3,R03_T15_OBJECT_AB_66691,tle-66691,NTUT,2026-09-16 02:53:44,2026-09-16 03:00:31,2026-09-16 10:53:44,407.5,351.9,36.6,2026-09-16 02:57:04,216.1,794.0
3,R03_T15_OBJECT_AB_66691,tle-66691,NTUT,2026-09-16 13:23:43,2026-09-16 13:29:26,2026-09-16 21:23:43,342.1,125.9,21.9,2026-09-16 13:26:33,22.5,1125.7
3,R03_T15_OBJECT_AB_66691,tle-66691,NTUT,2026-09-16 14:58:25,2026-09-16 15:01:57,2026-09-16 22:58:25,212.2,234.8,13.1,2026-09-16 15:00:15,293.4,1505.5
3,R03_T15_OBJECT_AB_66691,tle-66691,NTUT,2026-09-17 02:33:36,2026-09-17 02:40:56,2026-09-17 10:33:36,439.5,8.0,78.3,2026-09-17 02:37:16,195.7,513.2
3,R03_T15_OBJECT_AB_66691,tle-66691,NTUT,2026-09-17 13:05:29,2026-09-17 13:08:06,2026-09-17 21:05:29,156.8,93.0,11.6,2026-09-17 13:06:49,50.6,1591.4
3,R03_T15_OBJECT_AB_66691,tle-66691,NTUT,2026-09-17 14:37:10,2026-09-17 14:43:16,2026-09-17 22:37:10,366.1,205.0,25.0,2026-09-17 14:40:10,319.2,1028.1
3,R03_T15_OBJECT_AB_66691,tle-66691,NTUT,2026-09-18 02:13:48,2026-09-18 02:20:55,2026-09-18 10:13:48,426.9,24.0,48.4,2026-09-18 02:17:18,175.6,655.2
3,R03_T15_OBJECT_AB_66691,tle-66691,NTUT,2026-09-18 14:16:43,2026-09-18 14:23:48,2026-09-18 22:16:43,425.9,183.0,51.1,2026-09-18 14:20:13,337.2,626.2
3,R03_T15_OBJECT_AB_66691,tle-66691,NTUT,2026-09-19 01:54:23,2026-09-19 02:00:26,2026-09-19 09:54:23,362.9,42.1,24.1,2026-09-19 01:57:23,153.5,1065.5
3,R03_T15_OBJECT_AB_66691,tle-66691,NTUT,2026-09-19 03:29:15,2026-09-19 03:32:24,2026-09-19 11:29:15,188.4,313.5,12.4,2026-09-19 03:30:55,262.4,1557.8
3,R03_T15_OBJECT_AB_66691,tle-66691,NTUT,2026-09-19 13:56:42,2026-09-19 14:03:58,2026-09-19 21:56:42,435.3,162.7,73.7,2026-09-19 14:00:22,353.2,517.9
3,R03_T15_OBJECT_AB_66691,tle-66691,NTUT,2026-09-20 01:35:45,2026-09-20 01:39:02,2026-09-20 09:35:45,197.7,68.9,12.6,2026-09-20 01:37:25,122.6,1545.5
3,R03_T15_OBJECT_AB_66691,tle-66691,NTUT,2026-09-20 03:08:04,2026-09-20 03:13:58,2026-09-20 11:08:04,354.3,339.3,23.2,2026-09-20 03:11:04,231.9,1093.3
3,R03_T15_OBJECT_AB_66691,tle-66691,NTUT,2026-09-20 13:37:07,2026-09-20 13:43:46,2026-09-20 21:37:07,399.5,142.0,34.5,2026-09-20 13:40:27,9.5,822.0
3,R03_T15_OBJECT_AB_66691,tle-66691,NTUT,2026-09-21 02:47:37,2026-09-21 02:54:40,2026-09-21 10:47:37,422.7,357.0,45.6,2026-09-21 02:51:07,209.8,682.0
3,R03_T15_OBJECT_AB_66691,tle-66691,NTUT,2026-09-21 13:18:02,2026-09-21 13:23:07,2026-09-21 21:18:02,304.3,117.9,18.1,2026-09-21 13:20:32,29.1,1264.7
3,R03_T15_OBJECT_AB_66691,tle-66691,NTUT,2026-09-21 14:51:49,2026-09-21 14:56:26,2026-09-21 22:51:49,276.3,224.0,16.0,2026-09-21 14:54:09,303.0,1356.7
3,R03_T15_OBJECT_AB_66691,tle-66691,NTUT,2026-09-22 02:27:32,2026-09-22 02:34:53,2026-09-22 10:27:32,440.9,12.8,83.1,2026-09-22 02:31:12,189.6,507.6
3,R03_T15_OBJECT_AB_66691,tle-66691,TASA,2026-09-15 13:42:56,2026-09-15 13:49:46,2026-09-15 21:42:56,410.0,146.0,39.1,2026-09-15 13:46:26,6.5,751.7
3,R03_T15_OBJECT_AB_66691,tle-66691,TASA,2026-09-16 02:53:47,2026-09-16 03:00:39,2026-09-16 10:53:47,412.5,353.5,39.1,2026-09-16 02:57:17,214.1,757.5
3,R03_T15_OBJECT_AB_66691,tle-66691,TASA,2026-09-16 13:23:49,2026-09-16 13:29:17,2026-09-16 21:23:49,328.3,122.9,20.3,2026-09-16 13:26:29,25.1,1181.4
3,R03_T15_OBJECT_AB_66691,tle-66691,TASA,2026-09-16 14:58:09,2026-09-16 15:02:08,2026-09-16 22:58:09,239.1,230.4,14.1,2026-09-16 15:00:09,297.3,1450.2
3,R03_T15_OBJECT_AB_66691,tle-66691,TASA,2026-09-17 02:33:41,2026-09-17 02:41:02,2026-09-17 10:33:41,440.2,9.5,83.9,2026-09-17 02:37:21,193.8,505.9
3,R03_T15_OBJECT_AB_66691,tle-66691,TASA,2026-09-17 13:05:55,2026-09-17 13:07:38,2026-09-17 21:05:55,103.0,85.4,10.7,2026-09-17 13:06:45,57.9,1650.0
3,R03_T15_OBJECT_AB_66691,tle-66691,TASA,2026-09-17 14:37:02,2026-09-17 14:43:18,2026-09-17 22:37:02,376.1,202.3,27.0,2026-09-17 14:40:12,321.5,976.6
3,R03_T15_OBJECT_AB_66691,tle-66691,TASA,2026-09-18 02:13:55,2026-09-18 02:20:58,2026-09-18 10:13:55,423.1,25.6,45.0,2026-09-18 02:17:25,173.6,688.0
3,R03_T15_OBJECT_AB_66691,tle-66691,TASA,2026-09-18 14:16:38,2026-09-18 14:23:48,2026-09-18 22:16:38,429.3,180.6,55.9,2026-09-18 14:20:18,339.1,592.6
3,R03_T15_OBJECT_AB_66691,tle-66691,TASA,2026-09-19 01:54:33,2026-09-19 02:00:25,2026-09-19 09:54:33,352.7,44.2,22.6,2026-09-19 01:57:33,151.0,1111.5
3,R03_T15_OBJECT_AB_66691,tle-66691,TASA,2026-09-19 03:29:10,2026-09-19 03:32:42,2026-09-19 11:29:10,212.2,316.7,13.1,2026-09-19 03:31:00,258.6,1515.4
3,R03_T15_OBJECT_AB_66691,tle-66691,TASA,2026-09-19 13:56:41,2026-09-19 14:03:55,2026-09-19 21:56:41,433.5,160.4,67.1,2026-09-19 14:00:21,355.1,537.7
3,R03_T15_OBJECT_AB_66691,tle-66691,TASA,2026-09-20 01:36:06,2026-09-20 01:38:51,2026-09-20 09:36:06,165.1,73.4,11.7,2026-09-20 01:37:26,117.8,1595.6
3,R03_T15_OBJECT_AB_66691,tle-66691,TASA,2026-09-20 03:08:05,2026-09-20 03:14:08,2026-09-20 11:08:05,363.2,341.1,24.5,2026-09-20 03:11:05,229.6,1052.2
3,R03_T15_OBJECT_AB_66691,tle-66691,TASA,2026-09-20 13:37:09,2026-09-20 13:43:40,2026-09-20 21:37:09,391.8,139.5,31.7,2026-09-20 13:40:29,11.7,872.1
3,R03_T15_OBJECT_AB_66691,tle-66691,TASA,2026-09-21 02:47:41,2026-09-21 02:54:47,2026-09-21 10:47:41,426.3,358.5,48.9,2026-09-21 02:51:11,207.8,650.9
3,R03_T15_OBJECT_AB_66691,tle-66691,TASA,2026-09-21 13:18:10,2026-09-21 13:22:56,2026-09-21 21:18:10,286.2,114.4,16.8,2026-09-21 13:20:30,32.1,1321.4
3,R03_T15_OBJECT_AB_66691,tle-66691,TASA,2026-09-21 14:51:37,2026-09-21 14:56:32,2026-09-21 22:51:37,294.9,220.5,17.2,2026-09-21 14:54:07,306.0,1302.3
3,R03_T15_OBJECT_AB_66691,tle-66691,TASA,2026-09-22 02:27:38,2026-09-22 02:34:58,2026-09-22 10:27:38,440.3,14.3,77.5,2026-09-22 02:31:18,187.7,515.5
4,R04_T15_OBJECT_CZ_66761,tle-66761,NTUT,2026-09-15 14:00:29,2026-09-15 14:07:45,2026-09-15 22:00:29,435.6,164.5,78.8,2026-09-15 14:04:09,351.8,506.4
4,R04_T15_OBJECT_CZ_66761,tle-66761,NTUT,2026-09-16 01:38:52,2026-09-16 01:42:18,2026-09-16 09:38:52,206.4,67.4,12.9,2026-09-16 01:40:32,124.3,1514.3
4,R04_T15_OBJECT_CZ_66761,tle-66761,NTUT,2026-09-16 03:11:15,2026-09-16 03:16:59,2026-09-16 11:11:15,344.1,337.9,22.1,2026-09-16 03:14:05,233.6,1115.1
4,R04_T15_OBJECT_CZ_66761,tle-66761,NTUT,2026-09-16 13:39:38,2026-09-16 13:46:19,2026-09-16 21:39:38,400.4,142.6,35.0,2026-09-16 13:42:58,9.1,811.0
4,R04_T15_OBJECT_CZ_66761,tle-66761,NTUT,2026-09-17 02:49:30,2026-09-17 02:56:29,2026-09-17 10:49:30,419.0,357.0,45.6,2026-09-17 02:53:00,209.7,674.4
4,R04_T15_OBJECT_CZ_66761,tle-66761,NTUT,2026-09-17 13:19:23,2026-09-17 13:24:21,2026-09-17 21:19:23,298.1,116.7,17.6,2026-09-17 13:21:53,30.1,1281.6
4,R04_T15_OBJECT_CZ_66761,tle-66761,NTUT,2026-09-17 14:52:58,2026-09-17 14:57:41,2026-09-17 22:52:58,282.5,222.8,16.4,2026-09-17 14:55:18,304.1,1336.0
4,R04_T15_OBJECT_CZ_66761,tle-66761,NTUT,2026-09-18 02:28:10,2026-09-18 02:35:27,2026-09-18 10:28:10,436.4,14.0,78.8,2026-09-18 02:31:50,188.2,507.1
4,R04_T15_OBJECT_CZ_66761,tle-66761,NTUT,2026-09-18 14:30:44,2026-09-18 14:37:21,2026-09-18 22:30:44,397.0,195.6,33.0,2026-09-18 14:34:04,327.0,846.0
4,R04_T15_OBJECT_CZ_66761,tle-66761,NTUT,2026-09-19 02:07:13,2026-09-19 02:13:55,2026-09-19 10:07:13,402.0,31.7,34.7,2026-09-19 02:10:33,166.0,817.7
4,R04_T15_OBJECT_CZ_66761,tle-66761,NTUT,2026-09-19 14:09:09,2026-09-19 14:16:24,2026-09-19 22:09:09,435.1,173.2,74.6,2026-09-19 14:12:49,344.9,514.2
4,R04_T15_OBJECT_CZ_66761,tle-66761,NTUT,2026-09-20 01:46:48,2026-09-20 01:51:43,2026-09-20 09:46:48,294.5,54.0,17.1,2026-09-20 01:49:18,139.4,1303.4
4,R04_T15_OBJECT_CZ_66761,tle-66761,NTUT,2026-09-20 03:20:18,2026-09-20 03:25:06,2026-09-20 11:20:18,288.7,328.4,16.9,2026-09-20 03:22:38,245.2,1314.0
4,R04_T15_OBJECT_CZ_66761,tle-66761,NTUT,2026-09-20 13:48:03,2026-09-20 13:55:04,2026-09-20 21:48:03,420.9,151.6,48.0,2026-09-20 13:51:33,1.9,650.9
4,R04_T15_OBJECT_CZ_66761,tle-66761,NTUT,2026-09-21 02:58:14,2026-09-21 03:04:51,2026-09-21 10:58:14,397.0,349.8,33.5,2026-09-21 03:01:34,218.8,838.1
4,R04_T15_OBJECT_CZ_66761,tle-66761,NTUT,2026-09-21 13:27:27,2026-09-21 13:33:17,2026-09-21 21:27:27,349.8,127.9,23.0,2026-09-21 13:30:17,20.8,1086.3
4,R04_T15_OBJECT_CZ_66761,tle-66761,NTUT,2026-09-21 15:02:21,2026-09-21 15:05:27,2026-09-21 23:02:21,186.6,238.8,12.3,2026-09-21 15:03:51,289.9,1544.9
4,R04_T15_OBJECT_CZ_66761,tle-66761,NTUT,2026-09-22 02:36:41,2026-09-22 02:43:56,2026-09-22 10:36:41,435.5,7.2,75.3,2026-09-22 02:40:21,196.7,513.7
4,R04_T15_OBJECT_CZ_66761,tle-66761,TASA,2026-09-15 14:00:28,2026-09-15 14:07:42,2026-09-15 22:00:28,434.3,162.2,71.9,2026-09-15 14:04:08,353.7,521.3
4,R04_T15_OBJECT_CZ_66761,tle-66761,TASA,2026-09-16 01:39:11,2026-09-16 01:42:08,2026-09-16 09:39:11,176.3,71.7,12.0,2026-09-16 01:40:41,119.7,1563.9
4,R04_T15_OBJECT_CZ_66761,tle-66761,TASA,2026-09-16 03:11:16,2026-09-16 03:17:09,2026-09-16 11:11:16,353.5,339.7,23.5,2026-09-16 03:14:16,231.3,1073.7
4,R04_T15_OBJECT_CZ_66761,tle-66761,TASA,2026-09-16 13:39:40,2026-09-16 13:46:13,2026-09-16 21:39:40,392.9,140.0,32.2,2026-09-16 13:43:00,11.2,860.5
4,R04_T15_OBJECT_CZ_66761,tle-66761,TASA,2026-09-17 02:49:34,2026-09-17 02:56:36,2026-09-17 10:49:34,422.6,358.5,49.0,2026-09-17 02:53:04,207.8,643.0
4,R04_T15_OBJECT_CZ_66761,tle-66761,TASA,2026-09-17 13:19:31,2026-09-17 13:24:10,2026-09-17 21:19:31,279.3,113.2,16.3,2026-09-17 13:21:51,33.1,1338.4
4,R04_T15_OBJECT_CZ_66761,tle-66761,TASA,2026-09-17 14:52:46,2026-09-17 14:57:47,2026-09-17 22:52:46,300.5,219.4,17.6,2026-09-17 14:55:16,307.0,1281.6
4,R04_T15_OBJECT_CZ_66761,tle-66761,TASA,2026-09-18 02:28:16,2026-09-18 02:35:31,2026-09-18 10:28:16,435.5,15.5,73.1,2026-09-18 02:31:56,186.2,518.7
4,R04_T15_OBJECT_CZ_66761,tle-66761,TASA,2026-09-18 14:30:38,2026-09-18 14:37:22,2026-09-18 22:30:38,404.0,193.0,35.8,2026-09-18 14:33:58,329.1,798.4
4,R04_T15_OBJECT_CZ_66761,tle-66761,TASA,2026-09-19 02:07:21,2026-09-19 02:13:56,2026-09-19 10:07:21,395.8,33.5,32.4,2026-09-19 02:10:41,163.9,858.7
4,R04_T15_OBJECT_CZ_66761,tle-66761,TASA,2026-09-19 14:09:07,2026-09-19 14:16:23,2026-09-19 22:09:07,436.0,170.9,81.4,2026-09-19 14:12:47,346.8,502.4
4,R04_T15_OBJECT_CZ_66761,tle-66761,TASA,2026-09-20 01:47:01,2026-09-20 01:51:39,2026-09-20 09:47:01,277.8,56.8,16.1,2026-09-20 01:49:21,136.3,1351.8
4,R04_T15_OBJECT_CZ_66761,tle-66761,TASA,2026-09-20 03:20:17,2026-09-20 03:25:19,2026-09-20 11:20:17,302.1,330.5,17.9,2026-09-20 03:22:47,242.5,1271.4
4,R04_T15_OBJECT_CZ_66761,tle-66761,TASA,2026-09-20 13:48:03,2026-09-20 13:54:59,2026-09-20 21:48:03,416.1,149.2,43.8,2026-09-20 13:51:33,3.9,692.0
4,R04_T15_OBJECT_CZ_66761,tle-66761,TASA,2026-09-21 02:58:16,2026-09-21 03:04:59,2026-09-21 10:58:16,402.5,351.3,35.7,2026-09-21 03:01:36,216.8,800.5
4,R04_T15_OBJECT_CZ_66761,tle-66761,TASA,2026-09-21 13:27:32,2026-09-21 13:33:09,2026-09-21 21:27:32,336.9,125.0,21.3,2026-09-21 13:30:22,23.4,1140.7
4,R04_T15_OBJECT_CZ_66761,tle-66761,TASA,2026-09-21 15:02:02,2026-09-21 15:05:40,2026-09-21 23:02:02,217.6,233.9,13.3,2026-09-21 15:03:52,294.2,1489.6
4,R04_T15_OBJECT_CZ_66761,tle-66761,TASA,2026-09-22 02:36:46,2026-09-22 02:44:02,2026-09-22 10:36:46,436.3,8.7,80.9,2026-09-22 02:40:26,194.8,504.0
5,R05_T15_OBJECT_DM_66773,tle-66773,NTUT,2026-09-15 13:18:27,2026-09-15 13:23:38,2026-09-15 21:18:27,311.3,118.5,18.4,2026-09-15 13:21:07,28.5,1267.0
5,R05_T15_OBJECT_DM_66773,tle-66773,NTUT,2026-09-15 14:52:18,2026-09-15 14:57:01,2026-09-15 22:52:18,282.3,223.5,16.2,2026-09-15 14:54:38,303.5,1363.1
5,R05_T15_OBJECT_DM_66773,tle-66773,NTUT,2026-09-16 02:28:34,2026-09-16 02:35:56,2026-09-16 10:28:34,441.7,12.3,84.8,2026-09-16 02:32:14,190.3,507.3
5,R05_T15_OBJECT_DM_66773,tle-66773,NTUT,2026-09-16 14:32:23,2026-09-16 14:38:55,2026-09-16 22:32:23,391.9,198.9,29.9,2026-09-16 14:35:43,324.3,921.4
5,R05_T15_OBJECT_DM_66773,tle-66773,NTUT,2026-09-17 02:09:49,2026-09-17 02:16:48,2026-09-17 10:09:49,418.8,27.7,41.0,2026-09-17 02:13:19,171.0,735.3
5,R05_T15_OBJECT_DM_66773,tle-66773,NTUT,2026-09-17 14:13:03,2026-09-17 14:20:19,2026-09-17 22:13:03,436.2,178.8,60.2,2026-09-17 14:16:43,340.5,575.7
5,R05_T15_OBJECT_DM_66773,tle-66773,NTUT,2026-09-18 01:51:26,2026-09-18 01:57:11,2026-09-18 09:51:26,345.6,45.6,21.6,2026-09-18 01:54:16,149.1,1147.6
5,R05_T15_OBJECT_DM_66773,tle-66773,NTUT,2026-09-18 03:25:53,2026-09-18 03:29:47,2026-09-18 11:25:53,233.3,319.7,13.9,2026-09-18 03:27:53,255.5,1477.4
5,R05_T15_OBJECT_DM_66773,tle-66773,NTUT,2026-09-18 13:54:05,2026-09-18 14:01:23,2026-09-18 21:54:05,437.7,159.8,65.8,2026-09-18 13:57:45,355.5,550.2
5,R05_T15_OBJECT_DM_66773,tle-66773,NTUT,2026-09-19 01:33:57,2026-09-19 01:36:35,2026-09-19 09:33:57,158.2,74.3,11.6,2026-09-19 01:35:17,116.6,1608.1
5,R05_T15_OBJECT_DM_66773,tle-66773,NTUT,2026-09-19 03:05:55,2026-09-19 03:12:03,2026-09-19 11:05:55,367.2,341.8,25.1,2026-09-19 03:08:55,228.9,1040.0
5,R05_T15_OBJECT_DM_66773,tle-66773,NTUT,2026-09-19 13:35:30,2026-09-19 13:42:09,2026-09-19 21:35:30,398.3,140.1,32.5,2026-09-19 13:38:50,11.0,867.9
5,R05_T15_OBJECT_DM_66773,tle-66773,NTUT,2026-09-20 02:46:32,2026-09-20 02:53:38,2026-09-20 10:46:32,426.4,358.2,48.2,2026-09-20 02:50:02,208.3,658.9
5,R05_T15_OBJECT_DM_66773,tle-66773,NTUT,2026-09-20 13:17:25,2026-09-20 13:22:28,2026-09-20 21:17:25,303.5,117.0,17.8,2026-09-20 13:19:55,29.7,1291.6
5,R05_T15_OBJECT_DM_66773,tle-66773,NTUT,2026-09-20 14:51:07,2026-09-20 14:55:59,2026-09-20 22:51:07,291.4,221.9,16.7,2026-09-20 14:53:37,305.0,1337.1
5,R05_T15_OBJECT_DM_66773,tle-66773,NTUT,2026-09-21 02:27:27,2026-09-21 02:34:49,2026-09-21 10:27:27,441.5,13.2,81.6,2026-09-21 02:31:07,189.2,510.2
5,R05_T15_OBJECT_DM_66773,tle-66773,NTUT,2026-09-21 14:31:13,2026-09-21 14:37:49,2026-09-21 22:31:13,395.8,197.6,31.0,2026-09-21 14:34:33,325.4,896.8
5,R05_T15_OBJECT_DM_66773,tle-66773,NTUT,2026-09-22 02:08:41,2026-09-22 02:15:37,2026-09-22 10:08:41,416.0,28.6,39.4,2026-09-22 02:12:11,169.7,757.1
5,R05_T15_OBJECT_DM_66773,tle-66773,TASA,2026-09-15 13:18:34,2026-09-15 13:23:28,2026-09-15 21:18:34,293.6,115.2,17.1,2026-09-15 13:21:04,31.4,1323.3
5,R05_T15_OBJECT_DM_66773,tle-66773,TASA,2026-09-15 14:52:06,2026-09-15 14:57:07,2026-09-15 22:52:06,300.8,220.1,17.4,2026-09-15 14:54:36,306.5,1308.7
5,R05_T15_OBJECT_DM_66773,tle-66773,TASA,2026-09-16 02:28:40,2026-09-16 02:36:01,2026-09-16 10:28:40,441.3,13.8,79.4,2026-09-16 02:32:20,188.4,513.4
5,R05_T15_OBJECT_DM_66773,tle-66773,TASA,2026-09-16 14:32:17,2026-09-16 14:38:57,2026-09-16 22:32:17,399.8,196.3,32.3,2026-09-16 14:35:37,326.4,871.8
5,R05_T15_OBJECT_DM_66773,tle-66773,TASA,2026-09-17 02:09:56,2026-09-17 02:16:50,2026-09-17 10:09:56,413.9,29.4,38.2,2026-09-17 02:13:26,168.9,773.2
5,R05_T15_OBJECT_DM_66773,tle-66773,TASA,2026-09-17 14:12:59,2026-09-17 14:20:18,2026-09-17 22:12:59,438.5,176.4,66.0,2026-09-17 14:16:39,342.4,549.2
5,R05_T15_OBJECT_DM_66773,tle-66773,TASA,2026-09-18 01:51:36,2026-09-18 01:57:10,2026-09-18 09:51:36,333.8,47.8,20.2,2026-09-18 01:54:26,146.6,1194.1
5,R05_T15_OBJECT_DM_66773,tle-66773,TASA,2026-09-18 03:25:50,2026-09-18 03:30:02,2026-09-18 11:25:50,251.9,322.3,14.7,2026-09-18 03:28:00,252.3,1435.3
5,R05_T15_OBJECT_DM_66773,tle-66773,TASA,2026-09-18 13:54:05,2026-09-18 14:01:20,2026-09-18 21:54:05,435.1,157.4,59.9,2026-09-18 13:57:45,357.4,577.2
5,R05_T15_OBJECT_DM_66773,tle-66773,TASA,2026-09-19 01:34:25,2026-09-19 01:36:17,2026-09-19 09:34:25,112.2,80.5,10.8,2026-09-19 01:35:25,110.2,1658.5
5,R05_T15_OBJECT_DM_66773,tle-66773,TASA,2026-09-19 03:05:57,2026-09-19 03:12:12,2026-09-19 11:05:57,375.3,343.5,26.6,2026-09-19 03:09:07,226.7,998.7
5,R05_T15_OBJECT_DM_66773,tle-66773,TASA,2026-09-19 13:35:33,2026-09-19 13:42:03,2026-09-19 21:35:33,390.0,137.5,30.0,2026-09-19 13:38:43,13.2,919.0
5,R05_T15_OBJECT_DM_66773,tle-66773,TASA,2026-09-20 02:46:36,2026-09-20 02:53:45,2026-09-20 10:46:36,429.7,359.7,51.8,2026-09-20 02:50:16,206.3,629.2
5,R05_T15_OBJECT_DM_66773,tle-66773,TASA,2026-09-20 13:17:33,2026-09-20 13:22:18,2026-09-20 21:17:33,284.9,113.5,16.5,2026-09-20 13:19:53,32.7,1348.4
5,R05_T15_OBJECT_DM_66773,tle-66773,TASA,2026-09-20 14:50:56,2026-09-20 14:56:04,2026-09-20 22:50:56,308.8,218.5,18.0,2026-09-20 14:53:26,307.8,1282.8
5,R05_T15_OBJECT_DM_66773,tle-66773,TASA,2026-09-21 02:27:33,2026-09-21 02:34:54,2026-09-21 10:27:33,440.8,14.7,76.2,2026-09-21 02:31:13,187.3,519.1
5,R05_T15_OBJECT_DM_66773,tle-66773,TASA,2026-09-21 14:31:07,2026-09-21 14:37:50,2026-09-21 22:31:07,403.4,195.1,33.6,2026-09-21 14:34:27,327.4,848.1
5,R05_T15_OBJECT_DM_66773,tle-66773,TASA,2026-09-22 02:08:48,2026-09-22 02:15:39,2026-09-22 10:08:48,410.8,30.4,36.7,2026-09-22 02:12:18,167.7,796.0
6,R06_T15_OBJECT_L_66676,tle-66676,NTUT,2026-09-15 14:10:32,2026-09-15 14:17:48,2026-09-15 22:10:32,435.2,179.7,58.1,2026-09-15 14:14:12,339.8,587.3
6,R06_T15_OBJECT_L_66676,tle-66676,NTUT,2026-09-16 01:49:27,2026-09-16 01:55:25,2026-09-16 09:49:27,358.4,43.7,22.9,2026-09-16 01:52:27,151.5,1113.9
6,R06_T15_OBJECT_L_66676,tle-66676,NTUT,2026-09-16 03:24:12,2026-09-16 03:27:52,2026-09-16 11:24:12,220.5,317.6,13.3,2026-09-16 03:26:02,257.8,1518.1
6,R06_T15_OBJECT_L_66676,tle-66676,NTUT,2026-09-16 13:52:54,2026-09-16 14:00:13,2026-09-16 21:52:54,439.5,162.0,71.8,2026-09-16 13:56:34,353.7,529.9
6,R06_T15_OBJECT_L_66676,tle-66676,NTUT,2026-09-17 01:32:58,2026-09-17 01:36:31,2026-09-17 09:32:58,212.4,67.1,13.0,2026-09-17 01:34:48,124.5,1538.9
6,R06_T15_OBJECT_L_66676,tle-66676,NTUT,2026-09-17 03:05:33,2026-09-17 03:11:29,2026-09-17 11:05:33,356.9,339.2,23.1,2026-09-17 03:08:33,232.1,1109.1
6,R06_T15_OBJECT_L_66676,tle-66676,NTUT,2026-09-17 13:35:34,2026-09-17 13:42:23,2026-09-17 21:35:34,409.1,144.0,36.7,2026-09-17 13:38:54,8.0,795.4
6,R06_T15_OBJECT_L_66676,tle-66676,NTUT,2026-09-18 02:47:27,2026-09-18 02:54:28,2026-09-18 10:47:27,421.2,354.8,41.4,2026-09-18 02:50:57,212.6,738.8
6,R06_T15_OBJECT_L_66676,tle-66676,NTUT,2026-09-18 13:18:37,2026-09-18 13:24:12,2026-09-18 21:18:37,335.3,123.6,20.7,2026-09-18 13:21:27,24.3,1177.4
6,R06_T15_OBJECT_L_66676,tle-66676,NTUT,2026-09-18 14:53:08,2026-09-18 14:57:11,2026-09-18 22:53:08,243.4,230.2,14.2,2026-09-18 14:55:08,297.6,1459.5
6,R06_T15_OBJECT_L_66676,tle-66676,NTUT,2026-09-19 02:29:39,2026-09-19 02:37:04,2026-09-19 10:29:39,445.2,8.7,80.6,2026-09-19 02:33:19,194.8,517.6
6,R06_T15_OBJECT_L_66676,tle-66676,NTUT,2026-09-19 13:02:28,2026-09-19 13:05:18,2026-09-19 21:02:28,169.7,94.6,11.9,2026-09-19 13:03:58,49.1,1590.7
6,R06_T15_OBJECT_L_66676,tle-66676,NTUT,2026-09-19 14:34:22,2026-09-19 14:40:32,2026-09-19 22:34:22,369.6,205.0,25.1,2026-09-19 14:37:32,319.3,1039.1
6,R06_T15_OBJECT_L_66676,tle-66676,NTUT,2026-09-20 02:12:05,2026-09-20 02:19:20,2026-09-20 10:12:05,434.9,22.6,51.6,2026-09-20 02:15:45,177.2,637.7
6,R06_T15_OBJECT_L_66676,tle-66676,NTUT,2026-09-20 14:16:13,2026-09-20 14:23:19,2026-09-20 22:16:13,425.7,185.5,46.5,2026-09-20 14:19:43,335.2,674.1
6,R06_T15_OBJECT_L_66676,tle-66676,NTUT,2026-09-21 01:54:49,2026-09-21 02:01:15,2026-09-21 09:54:49,385.9,38.0,27.6,2026-09-21 01:57:59,158.3,985.6
6,R06_T15_OBJECT_L_66676,tle-66676,NTUT,2026-09-21 03:30:27,2026-09-21 03:32:41,2026-09-21 11:30:27,134.0,306.0,11.1,2026-09-21 03:31:37,270.8,1652.8
6,R06_T15_OBJECT_L_66676,tle-66676,NTUT,2026-09-21 13:58:25,2026-09-21 14:05:47,2026-09-21 21:58:25,441.4,167.6,88.1,2026-09-21 14:02:05,349.3,505.0
6,R06_T15_OBJECT_L_66676,tle-66676,NTUT,2026-09-22 01:38:00,2026-09-22 01:42:36,2026-09-22 09:38:00,276.0,57.9,15.7,2026-09-22 01:40:20,134.9,1401.4
6,R06_T15_OBJECT_L_66676,tle-66676,NTUT,2026-09-22 03:11:18,2026-09-22 03:16:44,2026-09-22 11:11:18,325.8,333.5,19.5,2026-09-22 03:13:58,239.1,1238.3
6,R06_T15_OBJECT_L_66676,tle-66676,TASA,2026-09-15 14:10:29,2026-09-15 14:17:47,2026-09-15 22:10:29,437.8,177.3,63.7,2026-09-15 14:14:09,341.7,559.0
6,R06_T15_OBJECT_L_66676,tle-66676,TASA,2026-09-16 01:49:37,2026-09-16 01:55:25,2026-09-16 09:49:37,347.5,45.8,21.5,2026-09-16 01:52:27,149.0,1160.7
6,R06_T15_OBJECT_L_66676,tle-66676,TASA,2026-09-16 03:24:07,2026-09-16 03:28:08,2026-09-16 11:24:07,240.6,320.4,14.1,2026-09-16 03:26:07,254.5,1475.9
6,R06_T15_OBJECT_L_66676,tle-66676,TASA,2026-09-16 13:52:53,2026-09-16 14:00:10,2026-09-16 21:52:53,437.5,159.7,65.5,2026-09-16 13:56:33,355.6,551.3
6,R06_T15_OBJECT_L_66676,tle-66676,TASA,2026-09-17 01:33:18,2026-09-17 01:36:21,2026-09-17 09:33:18,182.6,71.3,12.1,2026-09-17 01:34:48,120.1,1588.7
6,R06_T15_OBJECT_L_66676,tle-66676,TASA,2026-09-17 03:05:34,2026-09-17 03:11:40,2026-09-17 11:05:34,365.9,340.9,24.4,2026-09-17 03:08:34,229.9,1068.3
6,R06_T15_OBJECT_L_66676,tle-66676,TASA,2026-09-17 13:35:36,2026-09-17 13:42:18,2026-09-17 21:35:36,402.0,141.5,33.9,2026-09-17 13:38:56,10.0,842.9
6,R06_T15_OBJECT_L_66676,tle-66676,TASA,2026-09-18 02:47:30,2026-09-18 02:54:36,2026-09-18 10:47:30,425.4,356.3,44.3,2026-09-18 02:51:00,210.6,705.4
6,R06_T15_OBJECT_L_66676,tle-66676,TASA,2026-09-18 13:18:43,2026-09-18 13:24:04,2026-09-18 21:18:43,320.4,120.5,19.2,2026-09-18 13:21:23,27.0,1233.1
6,R06_T15_OBJECT_L_66676,tle-66676,TASA,2026-09-18 14:52:53,2026-09-18 14:57:20,2026-09-18 22:52:53,266.3,226.3,15.3,2026-09-18 14:55:03,301.0,1404.8
6,R06_T15_OBJECT_L_66676,tle-66676,TASA,2026-09-19 02:29:44,2026-09-19 02:37:09,2026-09-19 10:29:44,445.7,10.2,85.7,2026-09-19 02:33:24,192.9,512.6
6,R06_T15_OBJECT_L_66676,tle-66676,TASA,2026-09-19 13:02:51,2026-09-19 13:04:53,2026-09-19 21:02:51,121.7,87.8,10.9,2026-09-19 13:03:51,55.5,1648.8
6,R06_T15_OBJECT_L_66676,tle-66676,TASA,2026-09-19 14:34:15,2026-09-19 14:40:34,2026-09-19 22:34:15,379.6,202.3,27.0,2026-09-19 14:37:25,321.4,987.0
6,R06_T15_OBJECT_L_66676,tle-66676,TASA,2026-09-20 02:12:12,2026-09-20 02:19:23,2026-09-20 10:12:12,431.5,24.2,47.9,2026-09-20 02:15:52,175.3,669.5
6,R06_T15_OBJECT_L_66676,tle-66676,TASA,2026-09-20 14:16:09,2026-09-20 14:23:18,2026-09-20 22:16:09,429.8,183.1,50.8,2026-09-20 14:19:39,337.1,636.5
6,R06_T15_OBJECT_L_66676,tle-66676,TASA,2026-09-21 01:54:58,2026-09-21 02:01:15,2026-09-21 09:54:58,377.4,39.9,25.9,2026-09-21 01:58:08,156.0,1029.7
6,R06_T15_OBJECT_L_66676,tle-66676,TASA,2026-09-21 03:30:16,2026-09-21 03:33:04,2026-09-21 11:30:16,167.6,310.4,11.8,2026-09-21 03:31:36,265.8,1610.9
6,R06_T15_OBJECT_L_66676,tle-66676,TASA,2026-09-21 13:58:24,2026-09-21 14:05:44,2026-09-21 21:58:24,440.8,165.3,81.4,2026-09-21 14:02:04,351.2,510.1
6,R06_T15_OBJECT_L_66676,tle-66676,TASA,2026-09-22 01:38:15,2026-09-22 01:42:31,2026-09-22 09:38:15,256.4,60.9,14.7,2026-09-22 01:40:25,131.6,1450.3
6,R06_T15_OBJECT_L_66676,tle-66676,TASA,2026-09-22 03:11:18,2026-09-22 03:16:55,2026-09-22 11:11:18,337.0,335.3,20.6,2026-09-22 03:14:08,236.7,1196.2
7,R07_T15_OBJECT_CN_66750,tle-66750,NTUT,2026-09-15 14:31:18,2026-09-15 14:37:51,2026-09-15 22:31:18,393.0,198.7,30.1,2026-09-15 14:34:38,324.5,918.5
7,R07_T15_OBJECT_CN_66750,tle-66750,NTUT,2026-09-16 02:09:02,2026-09-16 02:16:04,2026-09-16 10:09:02,421.5,27.4,41.5,2026-09-16 02:12:32,171.2,734.5
7,R07_T15_OBJECT_CN_66750,tle-66750,NTUT,2026-09-16 14:12:39,2026-09-16 14:19:55,2026-09-16 22:12:39,436.0,179.3,58.9,2026-09-16 14:16:19,340.1,583.1
7,R07_T15_OBJECT_CN_66750,tle-66750,NTUT,2026-09-17 01:51:18,2026-09-17 01:57:11,2026-09-17 09:51:18,353.1,44.5,22.3,2026-09-17 01:54:18,150.5,1128.8
7,R07_T15_OBJECT_CN_66750,tle-66750,NTUT,2026-09-17 03:25:55,2026-09-17 03:29:42,2026-09-17 11:25:55,226.8,318.6,13.6,2026-09-17 03:27:45,256.7,1500.5
7,R07_T15_OBJECT_CN_66750,tle-66750,NTUT,2026-09-17 13:54:21,2026-09-17 14:01:41,2026-09-17 21:54:21,439.3,161.0,69.1,2026-09-17 13:58:01,354.5,539.1
7,R07_T15_OBJECT_CN_66750,tle-66750,NTUT,2026-09-18 01:34:19,2026-09-18 01:37:29,2026-09-18 09:34:19,190.0,70.1,12.3,2026-09-18 01:35:59,121.2,1571.2
7,R07_T15_OBJECT_CN_66750,tle-66750,NTUT,2026-09-18 03:06:37,2026-09-18 03:12:39,2026-09-18 11:06:37,362.2,340.4,24.0,2026-09-18 03:09:37,230.6,1077.0
7,R07_T15_OBJECT_CN_66750,tle-66750,NTUT,2026-09-18 13:36:25,2026-09-18 13:43:09,2026-09-18 21:36:25,404.9,142.2,34.7,2026-09-18 13:39:45,9.3,829.1
7,R07_T15_OBJECT_CN_66750,tle-66750,NTUT,2026-09-19 02:47:53,2026-09-19 02:54:58,2026-09-19 10:47:53,424.2,356.4,44.5,2026-09-19 02:51:23,210.6,700.5
7,R07_T15_OBJECT_CN_66750,tle-66750,NTUT,2026-09-19 13:18:54,2026-09-19 13:24:16,2026-09-19 21:18:54,321.9,120.6,19.3,2026-09-19 13:21:34,26.7,1231.6
7,R07_T15_OBJECT_CN_66750,tle-66750,NTUT,2026-09-19 14:53:01,2026-09-19 14:57:30,2026-09-19 22:53:01,268.7,226.0,15.4,2026-09-19 14:55:11,301.4,1401.8
7,R07_T15_OBJECT_CN_66750,tle-66750,NTUT,2026-09-20 02:29:28,2026-09-20 02:36:52,2026-09-20 10:29:28,444.0,10.8,87.2,2026-09-20 02:33:08,192.2,509.2
7,R07_T15_OBJECT_CN_66750,tle-66750,NTUT,2026-09-20 13:02:29,2026-09-20 13:04:21,2026-09-20 21:02:29,111.3,86.2,10.8,2026-09-20 13:03:29,56.8,1662.1
7,R07_T15_OBJECT_CN_66750,tle-66750,NTUT,2026-09-20 14:33:42,2026-09-20 14:40:06,2026-09-20 22:33:42,383.7,201.4,27.8,2026-09-20 14:36:52,322.3,970.5
7,R07_T15_OBJECT_CN_66750,tle-66750,NTUT,2026-09-21 02:11:19,2026-09-21 02:18:26,2026-09-21 10:11:19,426.8,25.5,45.2,2026-09-21 02:14:49,173.7,692.0
7,R07_T15_OBJECT_CN_66750,tle-66750,NTUT,2026-09-21 14:14:58,2026-09-21 14:22:11,2026-09-21 22:14:58,432.9,181.7,53.7,2026-09-21 14:18:38,338.2,615.9
7,R07_T15_OBJECT_CN_66750,tle-66750,NTUT,2026-09-22 01:53:29,2026-09-22 01:59:35,2026-09-22 09:53:29,365.4,42.1,24.1,2026-09-22 01:56:29,153.3,1075.1
7,R07_T15_OBJECT_CN_66750,tle-66750,NTUT,2026-09-22 03:28:25,2026-09-22 03:31:43,2026-09-22 11:28:25,198.0,314.7,12.6,2026-09-22 03:30:05,261.3,1555.3
7,R07_T15_OBJECT_CN_66750,tle-66750,TASA,2026-09-15 14:31:11,2026-09-15 14:37:52,2026-09-15 22:31:11,400.9,196.1,32.5,2026-09-15 14:34:31,326.6,868.9
7,R07_T15_OBJECT_CN_66750,tle-66750,TASA,2026-09-16 02:09:10,2026-09-16 02:16:06,2026-09-16 10:09:10,416.7,29.1,38.6,2026-09-16 02:12:40,169.2,771.8
7,R07_T15_OBJECT_CN_66750,tle-66750,TASA,2026-09-16 14:12:35,2026-09-16 14:19:54,2026-09-16 22:12:35,438.5,177.0,64.7,2026-09-16 14:16:15,342.0,555.5
7,R07_T15_OBJECT_CN_66750,tle-66750,TASA,2026-09-17 01:51:28,2026-09-17 01:57:10,2026-09-17 09:51:28,341.8,46.7,21.0,2026-09-17 01:54:18,148.0,1175.3
7,R07_T15_OBJECT_CN_66750,tle-66750,TASA,2026-09-17 03:25:51,2026-09-17 03:29:57,2026-09-17 11:25:51,246.2,321.3,14.4,2026-09-17 03:27:51,253.5,1458.3
7,R07_T15_OBJECT_CN_66750,tle-66750,TASA,2026-09-17 13:54:20,2026-09-17 14:01:37,2026-09-17 21:54:20,437.0,158.7,63.0,2026-09-17 13:58:00,356.4,563.0
7,R07_T15_OBJECT_CN_66750,tle-66750,TASA,2026-09-18 01:34:41,2026-09-18 01:37:16,2026-09-18 09:34:41,155.0,74.9,11.5,2026-09-18 01:36:01,116.1,1621.0
7,R07_T15_OBJECT_CN_66750,tle-66750,TASA,2026-09-18 03:06:38,2026-09-18 03:12:49,2026-09-18 11:06:38,370.7,342.1,25.4,2026-09-18 03:09:48,228.4,1036.2
7,R07_T15_OBJECT_CN_66750,tle-66750,TASA,2026-09-18 13:36:27,2026-09-18 13:43:04,2026-09-18 21:36:27,397.2,139.6,32.0,2026-09-18 13:39:47,11.4,878.4
7,R07_T15_OBJECT_CN_66750,tle-66750,TASA,2026-09-19 02:47:57,2026-09-19 02:55:05,2026-09-19 10:47:57,427.9,357.9,47.6,2026-09-19 02:51:27,208.6,668.8
7,R07_T15_OBJECT_CN_66750,tle-66750,TASA,2026-09-19 13:19:01,2026-09-19 13:24:06,2026-09-19 21:19:01,305.4,117.4,17.9,2026-09-19 13:21:31,29.5,1288.0
7,R07_T15_OBJECT_CN_66750,tle-66750,TASA,2026-09-19 14:52:48,2026-09-19 14:57:37,2026-09-19 22:52:48,288.7,222.4,16.5,2026-09-19 14:55:08,304.5,1347.3
7,R07_T15_OBJECT_CN_66750,tle-66750,TASA,2026-09-20 02:29:33,2026-09-20 02:36:57,2026-09-20 10:29:33,444.0,12.3,84.4,2026-09-20 02:33:13,190.3,510.9
7,R07_T15_OBJECT_CN_66750,tle-66750,TASA,2026-09-20 14:33:35,2026-09-20 14:40:08,2026-09-20 22:33:35,392.5,198.8,30.0,2026-09-20 14:36:55,324.4,920.5
7,R07_T15_OBJECT_CN_66750,tle-66750,TASA,2026-09-21 02:11:26,2026-09-21 02:18:28,2026-09-21 10:11:26,422.6,27.1,42.1,2026-09-21 02:14:56,171.7,726.8
7,R07_T15_OBJECT_CN_66750,tle-66750,TASA,2026-09-21 14:14:54,2026-09-21 14:22:10,2026-09-21 22:14:54,435.9,179.3,58.9,2026-09-21 14:18:34,340.1,583.3
7,R07_T15_OBJECT_CN_66750,tle-66750,TASA,2026-09-22 01:53:39,2026-09-22 01:59:34,2026-09-22 09:53:39,355.2,44.1,22.6,2026-09-22 01:56:39,150.9,1120.6
7,R07_T15_OBJECT_CN_66750,tle-66750,TASA,2026-09-22 03:28:20,2026-09-22 03:32:00,2026-09-22 11:28:20,220.8,317.7,13.4,2026-09-22 03:30:10,257.6,1513.1
8,R08_T15_OBJECT_CX_66759,tle-66759,NTUT,2026-09-15 13:56:46,2026-09-15 14:04:04,2026-09-15 21:56:46,438.0,162.8,74.1,2026-09-15 14:00:26,353.1,520.9
8,R08_T15_OBJECT_CX_66759,tle-66759,NTUT,2026-09-16 01:35:59,2026-09-16 01:39:20,2026-09-16 09:35:59,201.7,68.3,12.7,2026-09-16 01:37:39,123.2,1538.3
8,R08_T15_OBJECT_CX_66759,tle-66759,NTUT,2026-09-16 03:08:22,2026-09-16 03:14:14,2026-09-16 11:08:22,352.7,339.0,22.9,2026-09-16 03:11:22,232.3,1100.5
8,R08_T15_OBJECT_CX_66759,tle-66759,NTUT,2026-09-16 13:37:31,2026-09-16 13:44:14,2026-09-16 21:37:31,403.7,142.7,35.2,2026-09-16 13:40:51,9.0,815.4
8,R08_T15_OBJECT_CX_66759,tle-66759,NTUT,2026-09-17 02:48:17,2026-09-17 02:55:18,2026-09-17 10:48:17,421.2,356.4,44.5,2026-09-17 02:51:47,210.5,693.8
8,R08_T15_OBJECT_CX_66759,tle-66759,NTUT,2026-09-17 13:18:46,2026-09-17 13:23:59,2026-09-17 21:18:46,313.5,119.3,18.7,2026-09-17 13:21:26,27.8,1247.5
8,R08_T15_OBJECT_CX_66759,tle-66759,NTUT,2026-09-17 14:52:41,2026-09-17 14:57:14,2026-09-17 22:52:41,272.6,225.0,15.7,2026-09-17 14:55:01,302.2,1379.4
8,R08_T15_OBJECT_CX_66759,tle-66759,NTUT,2026-09-18 02:28:34,2026-09-18 02:35:54,2026-09-18 10:28:34,440.8,12.0,86.4,2026-09-18 02:32:14,190.7,504.8
8,R08_T15_OBJECT_CX_66759,tle-66759,NTUT,2026-09-18 14:32:04,2026-09-18 14:38:33,2026-09-18 22:32:04,389.1,199.1,29.6,2026-09-18 14:35:14,324.1,920.9
8,R08_T15_OBJECT_CX_66759,tle-66759,NTUT,2026-09-19 02:09:09,2026-09-19 02:16:06,2026-09-19 10:09:09,417.3,27.9,40.6,2026-09-19 02:12:39,170.7,738.9
8,R08_T15_OBJECT_CX_66759,tle-66759,NTUT,2026-09-19 14:12:03,2026-09-19 14:19:18,2026-09-19 22:12:03,434.6,178.2,61.4,2026-09-19 14:15:43,341.0,565.6
8,R08_T15_OBJECT_CX_66759,tle-66759,NTUT,2026-09-20 01:50:09,2026-09-20 01:55:48,2026-09-20 09:50:09,339.3,46.7,20.9,2026-09-20 01:52:59,147.9,1167.8
8,R08_T15_OBJECT_CX_66759,tle-66759,NTUT,2026-09-20 03:24:27,2026-09-20 03:28:29,2026-09-20 11:24:27,241.8,321.0,14.3,2026-09-20 03:26:27,254.0,1454.6
8,R08_T15_OBJECT_CX_66759,tle-66759,NTUT,2026-09-20 13:52:27,2026-09-20 13:59:41,2026-09-20 21:52:27,434.1,158.5,62.4,2026-09-20 13:56:07,356.5,561.1
8,R08_T15_OBJECT_CX_66759,tle-66759,NTUT,2026-09-21 01:32:15,2026-09-21 01:34:17,2026-09-21 09:32:15,121.6,79.1,10.9,2026-09-21 01:33:15,111.5,1646.5
8,R08_T15_OBJECT_CX_66759,tle-66759,NTUT,2026-09-21 03:03:51,2026-09-21 03:10:04,2026-09-21 11:03:51,373.3,343.2,26.3,2026-09-21 03:07:01,227.1,1003.3
8,R08_T15_OBJECT_CX_66759,tle-66759,NTUT,2026-09-21 13:33:16,2026-09-21 13:39:45,2026-09-21 21:33:16,389.3,137.8,30.3,2026-09-21 13:36:26,12.8,906.7
8,R08_T15_OBJECT_CX_66759,tle-66759,NTUT,2026-09-22 02:43:49,2026-09-22 02:50:58,2026-09-22 10:43:49,429.4,360.0,52.5,2026-09-22 02:47:29,206.0,622.2
8,R08_T15_OBJECT_CX_66759,tle-66759,TASA,2026-09-15 13:56:44,2026-09-15 14:04:01,2026-09-15 21:56:44,436.2,160.5,67.6,2026-09-15 14:00:24,355.0,540.1
8,R08_T15_OBJECT_CX_66759,tle-66759,TASA,2026-09-16 01:36:19,2026-09-16 01:39:09,2026-09-16 09:36:19,170.0,72.7,11.8,2026-09-16 01:37:49,118.5,1588.4
8,R08_T15_OBJECT_CX_66759,tle-66759,TASA,2026-09-16 03:08:23,2026-09-16 03:14:25,2026-09-16 11:08:23,361.7,340.8,24.3,2026-09-16 03:11:23,230.0,1059.2
8,R08_T15_OBJECT_CX_66759,tle-66759,TASA,2026-09-16 13:37:33,2026-09-16 13:44:09,2026-09-16 21:37:33,396.2,140.1,32.4,2026-09-16 13:40:53,11.1,864.5
8,R08_T15_OBJECT_CX_66759,tle-66759,TASA,2026-09-17 02:48:21,2026-09-17 02:55:25,2026-09-17 10:48:21,424.9,357.9,47.7,2026-09-17 02:51:51,208.5,661.9
8,R08_T15_OBJECT_CX_66759,tle-66759,TASA,2026-09-17 13:18:53,2026-09-17 13:23:49,2026-09-17 21:18:53,296.3,116.0,17.4,2026-09-17 13:21:23,30.7,1303.8
8,R08_T15_OBJECT_CX_66759,tle-66759,TASA,2026-09-17 14:52:29,2026-09-17 14:57:21,2026-09-17 22:52:29,291.9,221.5,16.9,2026-09-17 14:54:59,305.2,1325.0
8,R08_T15_OBJECT_CX_66759,tle-66759,TASA,2026-09-18 02:28:39,2026-09-18 02:35:59,2026-09-18 10:28:39,440.4,13.5,80.6,2026-09-18 02:32:19,188.8,510.1
8,R08_T15_OBJECT_CX_66759,tle-66759,TASA,2026-09-18 14:31:57,2026-09-18 14:38:34,2026-09-18 22:31:57,397.2,196.5,32.0,2026-09-18 14:35:17,326.2,871.2
8,R08_T15_OBJECT_CX_66759,tle-66759,TASA,2026-09-19 02:09:16,2026-09-19 02:16:09,2026-09-19 10:09:16,412.3,29.6,37.8,2026-09-19 02:12:46,168.6,777.1
8,R08_T15_OBJECT_CX_66759,tle-66759,TASA,2026-09-19 14:12:00,2026-09-19 14:19:16,2026-09-19 22:12:00,436.7,175.9,67.4,2026-09-19 14:15:40,342.8,540.4
8,R08_T15_OBJECT_CX_66759,tle-66759,TASA,2026-09-20 01:50:20,2026-09-20 01:55:46,2026-09-20 09:50:20,326.9,49.0,19.6,2026-09-20 01:53:00,145.3,1215.2
8,R08_T15_OBJECT_CX_66759,tle-66759,TASA,2026-09-20 03:24:24,2026-09-20 03:28:43,2026-09-20 11:24:24,259.5,323.5,15.1,2026-09-20 03:26:34,250.9,1412.3
8,R08_T15_OBJECT_CX_66759,tle-66759,TASA,2026-09-20 13:52:27,2026-09-20 13:59:38,2026-09-20 21:52:27,431.2,156.1,56.8,2026-09-20 13:56:07,358.4,591.3
8,R08_T15_OBJECT_CX_66759,tle-66759,TASA,2026-09-21 01:32:59,2026-09-21 01:33:43,2026-09-21 09:32:59,44.2,89.4,10.1,2026-09-21 01:33:19,101.0,1697.0
8,R08_T15_OBJECT_CX_66759,tle-66759,TASA,2026-09-21 03:03:52,2026-09-21 03:10:13,2026-09-21 11:03:52,380.9,344.9,28.0,2026-09-21 03:07:02,224.9,962.9
8,R08_T15_OBJECT_CX_66759,tle-66759,TASA,2026-09-21 13:33:18,2026-09-21 13:39:39,2026-09-21 21:33:18,380.2,135.2,28.0,2026-09-21 13:36:28,15.0,957.7
8,R08_T15_OBJECT_CX_66759,tle-66759,TASA,2026-09-22 02:43:53,2026-09-22 02:51:05,2026-09-22 10:43:53,432.2,1.5,56.5,2026-09-22 02:47:33,204.0,594.7
9,R09_T15_OBJECT_DD_66765,tle-66765,NTUT,2026-09-15 13:32:35,2026-09-15 13:38:35,2026-09-15 21:32:35,359.3,131.1,24.9,2026-09-15 13:35:35,18.3,1018.1
9,R09_T15_OBJECT_DD_66765,tle-66765,NTUT,2026-09-15 15:07:59,2026-09-15 15:10:04,2026-09-15 23:07:59,124.9,247.6,11.0,2026-09-15 15:08:59,281.5,1611.1
9,R09_T15_OBJECT_DD_66765,tle-66765,NTUT,2026-09-16 02:40:58,2026-09-16 02:48:08,2026-09-16 10:40:58,430.0,5.7,69.6,2026-09-16 02:44:38,198.6,522.4
9,R09_T15_OBJECT_DD_66765,tle-66765,NTUT,2026-09-16 13:11:15,2026-09-16 13:14:04,2026-09-16 21:11:15,169.2,95.2,11.9,2026-09-16 13:12:35,48.8,1555.0
9,R09_T15_OBJECT_DD_66765,tle-66765,NTUT,2026-09-16 14:42:55,2026-09-16 14:48:50,2026-09-16 22:42:55,354.5,206.9,23.7,2026-09-16 14:45:55,317.6,1052.0
9,R09_T15_OBJECT_DD_66765,tle-66765,NTUT,2026-09-17 02:18:00,2026-09-17 02:24:58,2026-09-17 10:18:00,418.1,24.5,47.2,2026-09-17 02:21:30,175.0,651.0
9,R09_T15_OBJECT_DD_66765,tle-66765,NTUT,2026-09-17 14:19:14,2026-09-17 14:26:18,2026-09-17 22:19:14,423.9,181.0,54.9,2026-09-17 14:22:44,338.7,590.3
9,R09_T15_OBJECT_DD_66765,tle-66765,NTUT,2026-09-18 01:55:34,2026-09-18 02:01:08,2026-09-18 09:55:34,334.2,46.5,21.0,2026-09-18 01:58:24,148.2,1141.7
9,R09_T15_OBJECT_DD_66765,tle-66765,NTUT,2026-09-18 03:29:46,2026-09-18 03:33:27,2026-09-18 11:29:46,221.2,318.5,13.6,2026-09-18 03:31:36,256.6,1464.1
9,R09_T15_OBJECT_DD_66765,tle-66765,NTUT,2026-09-18 13:56:08,2026-09-18 14:03:14,2026-09-18 21:56:08,425.7,157.4,59.7,2026-09-18 13:59:38,357.4,562.4
9,R09_T15_OBJECT_DD_66765,tle-66765,NTUT,2026-09-19 03:05:30,2026-09-19 03:11:46,2026-09-19 11:05:30,375.9,345.4,28.3,2026-09-19 03:08:40,224.3,933.1
9,R09_T15_OBJECT_DD_66765,tle-66765,NTUT,2026-09-19 13:33:37,2026-09-19 13:39:41,2026-09-19 21:33:37,363.4,132.3,25.7,2026-09-19 13:36:37,17.4,996.2
9,R09_T15_OBJECT_DD_66765,tle-66765,NTUT,2026-09-19 15:09:18,2026-09-19 15:10:55,2026-09-19 23:09:18,97.3,251.6,10.6,2026-09-19 15:10:08,277.8,1635.3
9,R09_T15_OBJECT_DD_66765,tle-66765,NTUT,2026-09-20 02:42:01,2026-09-20 02:49:10,2026-09-20 10:42:01,429.1,5.0,66.9,2026-09-20 02:45:41,199.6,531.4
9,R09_T15_OBJECT_DD_66765,tle-66765,NTUT,2026-09-20 13:12:08,2026-09-20 13:15:11,2026-09-20 21:12:08,182.7,97.3,12.3,2026-09-20 13:13:38,46.9,1532.7
9,R09_T15_OBJECT_DD_66765,tle-66765,NTUT,2026-09-20 14:43:58,2026-09-20 14:49:48,2026-09-20 22:43:58,349.6,208.1,23.0,2026-09-20 14:46:58,316.6,1073.5
9,R09_T15_OBJECT_DD_66765,tle-66765,NTUT,2026-09-21 02:18:58,2026-09-21 02:25:58,2026-09-21 10:18:58,419.7,23.8,48.9,2026-09-21 02:22:28,175.9,636.2
9,R09_T15_OBJECT_DD_66765,tle-66765,NTUT,2026-09-21 14:20:11,2026-09-21 14:27:14,2026-09-21 22:20:11,422.5,181.9,53.0,2026-09-21 14:23:41,338.0,602.5
9,R09_T15_OBJECT_DD_66765,tle-66765,NTUT,2026-09-22 01:56:27,2026-09-22 02:02:06,2026-09-22 09:56:27,338.9,45.6,21.5,2026-09-22 01:59:17,149.3,1122.2
9,R09_T15_OBJECT_DD_66765,tle-66765,NTUT,2026-09-22 03:30:45,2026-09-22 03:34:17,2026-09-22 11:30:45,211.5,317.1,13.2,2026-09-22 03:32:35,258.2,1483.6
9,R09_T15_OBJECT_DD_66765,tle-66765,TASA,2026-09-15 13:32:39,2026-09-15 13:38:27,2026-09-15 21:32:39,347.7,128.3,23.1,2026-09-15 13:35:29,20.7,1072.7
9,R09_T15_OBJECT_DD_66765,tle-66765,TASA,2026-09-15 15:07:34,2026-09-15 15:10:24,2026-09-15 23:07:34,169.6,241.0,11.9,2026-09-15 15:09:04,287.6,1556.0
9,R09_T15_OBJECT_DD_66765,tle-66765,TASA,2026-09-16 02:41:03,2026-09-16 02:48:14,2026-09-16 10:41:03,431.2,7.2,74.9,2026-09-16 02:44:43,196.7,508.1
9,R09_T15_OBJECT_DD_66765,tle-66765,TASA,2026-09-16 13:11:37,2026-09-16 13:13:40,2026-09-16 21:11:37,122.5,88.4,11.0,2026-09-16 13:12:37,55.2,1613.1
9,R09_T15_OBJECT_DD_66765,tle-66765,TASA,2026-09-16 14:42:47,2026-09-16 14:48:53,2026-09-16 22:42:47,365.2,204.1,25.6,2026-09-16 14:45:47,319.9,1000.0
9,R09_T15_OBJECT_DD_66765,tle-66765,TASA,2026-09-17 02:18:07,2026-09-17 02:25:01,2026-09-17 10:18:07,414.2,26.2,43.8,2026-09-17 02:21:37,172.9,685.3
9,R09_T15_OBJECT_DD_66765,tle-66765,TASA,2026-09-17 14:19:10,2026-09-17 14:26:17,2026-09-17 22:19:10,426.8,178.7,60.2,2026-09-17 14:22:40,340.6,559.6
9,R09_T15_OBJECT_DD_66765,tle-66765,TASA,2026-09-18 01:55:45,2026-09-18 02:01:07,2026-09-18 09:55:45,322.0,48.8,19.7,2026-09-18 01:58:25,145.6,1188.7
9,R09_T15_OBJECT_DD_66765,tle-66765,TASA,2026-09-18 03:29:42,2026-09-18 03:33:43,2026-09-18 11:29:42,240.5,321.2,14.4,2026-09-18 03:31:42,253.3,1421.7
9,R09_T15_OBJECT_DD_66765,tle-66765,TASA,2026-09-18 13:56:08,2026-09-18 14:03:10,2026-09-18 21:56:08,422.4,155.0,54.4,2026-09-18 13:59:38,359.3,593.9
9,R09_T15_OBJECT_DD_66765,tle-66765,TASA,2026-09-19 03:05:32,2026-09-19 03:11:55,2026-09-19 11:05:32,382.8,347.0,30.1,2026-09-19 03:08:42,222.2,893.6
9,R09_T15_OBJECT_DD_66765,tle-66765,TASA,2026-09-19 13:33:41,2026-09-19 13:39:33,2026-09-19 21:33:41,352.3,129.4,23.8,2026-09-19 13:36:41,19.8,1050.2
9,R09_T15_OBJECT_DD_66765,tle-66765,TASA,2026-09-19 15:08:47,2026-09-19 15:11:19,2026-09-19 23:08:47,151.2,243.7,11.5,2026-09-19 15:10:07,285.1,1580.1
9,R09_T15_OBJECT_DD_66765,tle-66765,TASA,2026-09-20 02:42:05,2026-09-20 02:49:16,2026-09-20 10:42:05,430.6,6.5,72.2,2026-09-20 02:45:45,197.7,514.6
9,R09_T15_OBJECT_DD_66765,tle-66765,TASA,2026-09-20 13:12:28,2026-09-20 13:14:49,2026-09-20 21:12:28,141.4,91.1,11.3,2026-09-20 13:13:38,52.6,1591.1
9,R09_T15_OBJECT_DD_66765,tle-66765,TASA,2026-09-20 14:43:50,2026-09-20 14:49:51,2026-09-20 22:43:50,360.7,205.2,24.8,2026-09-20 14:46:50,318.9,1020.6
9,R09_T15_OBJECT_DD_66765,tle-66765,TASA,2026-09-21 02:19:05,2026-09-21 02:26:01,2026-09-21 10:19:05,416.0,25.4,45.3,2026-09-21 02:22:35,173.9,669.3
9,R09_T15_OBJECT_DD_66765,tle-66765,TASA,2026-09-21 14:20:07,2026-09-21 14:27:13,2026-09-21 22:20:07,425.6,179.5,58.2,2026-09-21 14:23:37,339.9,570.1
9,R09_T15_OBJECT_DD_66765,tle-66765,TASA,2026-09-22 01:56:38,2026-09-22 02:02:05,2026-09-22 09:56:38,327.2,47.9,20.2,2026-09-22 01:59:18,146.7,1169.4
9,R09_T15_OBJECT_DD_66765,tle-66765,TASA,2026-09-22 03:30:41,2026-09-22 03:34:33,2026-09-22 11:30:41,231.9,320.0,14.0,2026-09-22 03:32:41,254.7,1441.2
10,R10_T15_OBJECT_CY_66760,tle-66760,NTUT,2026-09-15 13:02:04,2026-09-15 13:03:36,2026-09-15 21:02:04,91.9,83.5,10.5,2026-09-15 13:02:54,59.3,1676.1
10,R10_T15_OBJECT_CY_66760,tle-66760,NTUT,2026-09-15 14:33:04,2026-09-15 14:39:30,2026-09-15 22:33:04,385.7,200.7,28.3,2026-09-15 14:36:14,322.8,956.2
10,R10_T15_OBJECT_CY_66760,tle-66760,NTUT,2026-09-16 02:10:30,2026-09-16 02:17:33,2026-09-16 10:10:30,423.2,26.2,43.7,2026-09-16 02:14:00,172.8,704.7
10,R10_T15_OBJECT_CY_66760,tle-66760,NTUT,2026-09-16 14:13:54,2026-09-16 14:21:08,2026-09-16 22:13:54,433.8,180.6,56.0,2026-09-16 14:17:34,339.1,599.7
10,R10_T15_OBJECT_CY_66760,tle-66760,NTUT,2026-09-17 01:52:17,2026-09-17 01:58:14,2026-09-17 09:52:17,356.9,43.5,23.0,2026-09-17 01:55:17,151.6,1102.8
10,R10_T15_OBJECT_CY_66760,tle-66760,NTUT,2026-09-17 03:27:01,2026-09-17 03:30:32,2026-09-17 11:27:01,211.7,316.6,13.1,2026-09-17 03:28:51,259.0,1523.8
10,R10_T15_OBJECT_CY_66760,tle-66760,NTUT,2026-09-17 13:55:08,2026-09-17 14:02:27,2026-09-17 21:55:08,439.3,161.8,71.2,2026-09-17 13:58:48,353.9,531.4
10,R10_T15_OBJECT_CY_66760,tle-66760,NTUT,2026-09-18 01:34:49,2026-09-18 01:38:04,2026-09-18 09:34:49,195.5,69.2,12.5,2026-09-18 01:36:29,122.1,1555.4
10,R10_T15_OBJECT_CY_66760,tle-66760,NTUT,2026-09-18 03:07:10,2026-09-18 03:13:07,2026-09-18 11:07:10,357.6,339.8,23.5,2026-09-18 03:10:10,231.4,1088.1
10,R10_T15_OBJECT_CY_66760,tle-66760,NTUT,2026-09-18 13:36:43,2026-09-18 13:43:28,2026-09-18 21:36:43,405.2,142.5,35.1,2026-09-18 13:40:03,9.1,821.8
10,R10_T15_OBJECT_CY_66760,tle-66760,NTUT,2026-09-19 02:47:57,2026-09-19 02:54:59,2026-09-19 10:47:57,422.3,356.3,44.2,2026-09-19 02:51:27,210.7,699.9
10,R10_T15_OBJECT_CY_66760,tle-66760,NTUT,2026-09-19 13:18:45,2026-09-19 13:24:05,2026-09-19 21:18:45,320.2,120.4,19.2,2026-09-19 13:21:25,26.9,1234.2
10,R10_T15_OBJECT_CY_66760,tle-66760,NTUT,2026-09-19 14:52:49,2026-09-19 14:57:18,2026-09-19 22:52:49,269.3,225.8,15.4,2026-09-19 14:54:59,301.5,1397.4
10,R10_T15_OBJECT_CY_66760,tle-66760,NTUT,2026-09-20 02:29:03,2026-09-20 02:36:26,2026-09-20 10:29:03,442.5,11.1,88.0,2026-09-20 02:32:43,191.8,506.6
10,R10_T15_OBJECT_CY_66760,tle-66760,NTUT,2026-09-20 13:02:02,2026-09-20 13:03:33,2026-09-20 21:02:02,91.0,83.4,10.5,2026-09-20 13:02:52,59.4,1676.2
10,R10_T15_OBJECT_CY_66760,tle-66760,NTUT,2026-09-20 14:33:02,2026-09-20 14:39:27,2026-09-20 22:33:02,385.5,200.7,28.3,2026-09-20 14:36:12,322.8,955.7
10,R10_T15_OBJECT_CY_66760,tle-66760,NTUT,2026-09-21 02:10:27,2026-09-21 02:17:30,2026-09-21 10:10:27,423.3,26.2,43.7,2026-09-21 02:13:57,172.8,705.1
10,R10_T15_OBJECT_CY_66760,tle-66760,NTUT,2026-09-21 14:13:50,2026-09-21 14:21:03,2026-09-21 22:13:50,433.7,180.6,56.0,2026-09-21 14:17:30,339.1,599.1
10,R10_T15_OBJECT_CY_66760,tle-66760,NTUT,2026-09-22 01:52:11,2026-09-22 01:58:08,2026-09-22 09:52:11,356.7,43.6,23.0,2026-09-22 01:55:11,151.6,1104.2
10,R10_T15_OBJECT_CY_66760,tle-66760,NTUT,2026-09-22 03:26:54,2026-09-22 03:30:27,2026-09-22 11:26:54,212.7,316.7,13.1,2026-09-22 03:28:44,258.9,1522.3
10,R10_T15_OBJECT_CY_66760,tle-66760,TASA,2026-09-15 14:32:57,2026-09-15 14:39:31,2026-09-15 22:32:57,394.2,198.1,30.6,2026-09-15 14:36:17,324.9,906.2
10,R10_T15_OBJECT_CY_66760,tle-66760,TASA,2026-09-16 02:10:37,2026-09-16 02:17:36,2026-09-16 10:10:37,418.8,27.9,40.7,2026-09-16 02:14:07,170.7,740.5
10,R10_T15_OBJECT_CY_66760,tle-66760,TASA,2026-09-16 14:13:51,2026-09-16 14:21:07,2026-09-16 22:13:51,436.6,178.3,61.4,2026-09-16 14:17:31,340.9,569.4
10,R10_T15_OBJECT_CY_66760,tle-66760,TASA,2026-09-17 01:52:27,2026-09-17 01:58:13,2026-09-17 09:52:27,346.0,45.7,21.6,2026-09-17 01:55:17,149.2,1149.5
10,R10_T15_OBJECT_CY_66760,tle-66760,TASA,2026-09-17 03:26:56,2026-09-17 03:30:49,2026-09-17 11:26:56,232.6,319.5,13.8,2026-09-17 03:28:56,255.6,1481.4
10,R10_T15_OBJECT_CY_66760,tle-66760,TASA,2026-09-17 13:55:07,2026-09-17 14:02:24,2026-09-17 21:55:07,437.2,159.5,64.9,2026-09-17 13:58:47,355.8,553.4
10,R10_T15_OBJECT_CY_66760,tle-66760,TASA,2026-09-18 01:35:10,2026-09-18 01:37:52,2026-09-18 09:35:10,162.2,73.8,11.6,2026-09-18 01:36:30,117.3,1605.4
10,R10_T15_OBJECT_CY_66760,tle-66760,TASA,2026-09-18 03:07:11,2026-09-18 03:13:18,2026-09-18 11:07:11,366.4,341.5,24.9,2026-09-18 03:10:11,229.2,1047.6
10,R10_T15_OBJECT_CY_66760,tle-66760,TASA,2026-09-18 13:36:45,2026-09-18 13:43:22,2026-09-18 21:36:45,397.7,140.0,32.4,2026-09-18 13:40:05,11.2,870.7
10,R10_T15_OBJECT_CY_66760,tle-66760,TASA,2026-09-19 02:48:00,2026-09-19 02:55:06,2026-09-19 10:48:00,426.1,357.8,47.3,2026-09-19 02:51:30,208.7,668.2
10,R10_T15_OBJECT_CY_66760,tle-66760,TASA,2026-09-19 13:18:52,2026-09-19 13:23:55,2026-09-19 21:18:52,303.6,117.1,17.8,2026-09-19 13:21:22,29.8,1290.6
10,R10_T15_OBJECT_CY_66760,tle-66760,TASA,2026-09-19 14:52:36,2026-09-19 14:57:25,2026-09-19 22:52:36,289.1,222.2,16.6,2026-09-19 14:54:56,304.6,1342.8
10,R10_T15_OBJECT_CY_66760,tle-66760,TASA,2026-09-20 02:29:08,2026-09-20 02:36:31,2026-09-20 10:29:08,442.3,12.6,83.6,2026-09-20 02:32:48,189.9,509.2
10,R10_T15_OBJECT_CY_66760,tle-66760,TASA,2026-09-20 14:32:55,2026-09-20 14:39:29,2026-09-20 22:32:55,394.1,198.1,30.6,2026-09-20 14:36:15,324.9,906.0
10,R10_T15_OBJECT_CY_66760,tle-66760,TASA,2026-09-21 02:10:34,2026-09-21 02:17:33,2026-09-21 10:10:34,418.9,27.9,40.7,2026-09-21 02:14:04,170.7,741.1
10,R10_T15_OBJECT_CY_66760,tle-66760,TASA,2026-09-21 14:13:46,2026-09-21 14:21:02,2026-09-21 22:13:46,436.5,178.2,61.5,2026-09-21 14:17:26,341.0,568.6
10,R10_T15_OBJECT_CY_66760,tle-66760,TASA,2026-09-22 01:52:21,2026-09-22 01:58:07,2026-09-22 09:52:21,345.8,45.7,21.5,2026-09-22 01:55:11,149.1,1151.0
10,R10_T15_OBJECT_CY_66760,tle-66760,TASA,2026-09-22 03:26:50,2026-09-22 03:30:43,2026-09-22 11:26:50,233.5,319.6,13.9,2026-09-22 03:28:50,255.4,1480.0
11,R11_T15_OBJECT_AA_66690,tle-66690,NTUT,2026-09-15 13:43:44,2026-09-15 13:50:52,2026-09-15 21:43:44,428.2,152.4,49.4,2026-09-15 13:47:14,1.3,650.0
11,R11_T15_OBJECT_AA_66690,tle-66690,NTUT,2026-09-16 02:56:01,2026-09-16 03:02:38,2026-09-16 10:56:01,397.4,347.9,31.3,2026-09-16 02:59:21,221.2,900.2
11,R11_T15_OBJECT_AA_66690,tle-66690,NTUT,2026-09-16 13:26:39,2026-09-16 13:32:56,2026-09-16 21:26:39,376.7,133.5,26.8,2026-09-16 13:29:49,16.3,995.2
11,R11_T15_OBJECT_AA_66690,tle-66690,NTUT,2026-09-16 15:02:41,2026-09-16 15:04:33,2026-09-16 23:02:41,112.0,249.9,10.7,2026-09-16 15:03:41,279.5,1661.4
11,R11_T15_OBJECT_AA_66690,tle-66690,NTUT,2026-09-17 02:38:09,2026-09-17 02:45:27,2026-09-17 10:38:09,438.3,2.4,59.2,2026-09-17 02:41:49,203.0,587.2
11,R11_T15_OBJECT_AA_66690,tle-66690,NTUT,2026-09-17 13:10:05,2026-09-17 13:14:33,2026-09-17 21:10:05,267.9,110.4,15.5,2026-09-17 13:12:15,35.3,1397.6
11,R11_T15_OBJECT_AA_66690,tle-66690,NTUT,2026-09-17 14:43:16,2026-09-17 14:48:41,2026-09-17 22:43:16,324.7,215.4,19.3,2026-09-17 14:45:56,310.5,1231.0
11,R11_T15_OBJECT_AA_66690,tle-66690,NTUT,2026-09-18 02:20:33,2026-09-18 02:27:57,2026-09-18 10:20:33,443.8,16.1,71.1,2026-09-18 02:24:13,185.5,537.9
11,R11_T15_OBJECT_AA_66690,tle-66690,NTUT,2026-09-18 14:24:58,2026-09-18 14:31:44,2026-09-18 22:24:58,406.1,194.3,34.4,2026-09-18 14:28:18,328.1,833.6
11,R11_T15_OBJECT_AA_66690,tle-66690,NTUT,2026-09-19 02:03:12,2026-09-19 02:10:06,2026-09-19 10:03:12,414.3,30.5,36.5,2026-09-19 02:06:42,167.5,807.5
11,R11_T15_OBJECT_AA_66690,tle-66690,NTUT,2026-09-19 14:07:05,2026-09-19 14:14:24,2026-09-19 22:07:05,439.1,176.0,67.2,2026-09-19 14:10:45,342.7,545.3
11,R11_T15_OBJECT_AA_66690,tle-66690,NTUT,2026-09-20 01:46:12,2026-09-20 01:51:50,2026-09-20 09:46:12,338.7,47.5,20.5,2026-09-20 01:49:02,146.9,1199.5
11,R11_T15_OBJECT_AA_66690,tle-66690,NTUT,2026-09-20 03:20:29,2026-09-20 03:24:49,2026-09-20 11:20:29,260.3,323.3,15.0,2026-09-20 03:22:39,251.3,1433.3
11,R11_T15_OBJECT_AA_66690,tle-66690,NTUT,2026-09-20 13:49:31,2026-09-20 13:56:48,2026-09-20 21:49:31,436.5,158.4,62.3,2026-09-20 13:53:11,356.6,565.5
11,R11_T15_OBJECT_AA_66690,tle-66690,NTUT,2026-09-21 01:30:03,2026-09-21 01:32:39,2026-09-21 09:30:03,156.0,74.8,11.5,2026-09-21 01:31:23,116.1,1628.4
11,R11_T15_OBJECT_AA_66690,tle-66690,NTUT,2026-09-21 03:02:02,2026-09-21 03:08:17,2026-09-21 11:02:02,374.9,342.7,25.9,2026-09-21 03:05:12,227.8,1029.4
11,R11_T15_OBJECT_AA_66690,tle-66690,NTUT,2026-09-21 13:32:17,2026-09-21 13:38:56,2026-09-21 21:32:17,398.5,140.1,32.5,2026-09-21 13:35:37,11.0,868.1
11,R11_T15_OBJECT_AA_66690,tle-66690,NTUT,2026-09-22 02:44:02,2026-09-22 02:51:12,2026-09-22 10:44:02,429.6,357.7,47.2,2026-09-22 02:47:42,208.9,677.0
11,R11_T15_OBJECT_AA_66690,tle-66690,TASA,2026-09-15 13:43:44,2026-09-15 13:50:48,2026-09-15 21:43:44,423.6,150.0,45.2,2026-09-15 13:47:14,3.3,689.2
11,R11_T15_OBJECT_AA_66690,tle-66690,TASA,2026-09-16 02:56:03,2026-09-16 03:02:47,2026-09-16 10:56:03,403.6,349.5,33.3,2026-09-16 02:59:23,219.2,861.8
11,R11_T15_OBJECT_AA_66690,tle-66690,TASA,2026-09-16 13:26:43,2026-09-16 13:32:49,2026-09-16 21:26:43,366.1,130.8,24.8,2026-09-16 13:29:43,18.6,1048.7
11,R11_T15_OBJECT_AA_66690,tle-66690,TASA,2026-09-16 15:02:13,2026-09-16 15:04:55,2026-09-16 23:02:13,161.9,242.8,11.6,2026-09-16 15:03:33,286.1,1605.9
11,R11_T15_OBJECT_AA_66690,tle-66690,TASA,2026-09-17 02:38:13,2026-09-17 02:45:34,2026-09-17 10:38:13,440.5,3.8,63.7,2026-09-17 02:41:53,201.0,564.9
11,R11_T15_OBJECT_AA_66690,tle-66690,TASA,2026-09-17 13:10:16,2026-09-17 13:14:20,2026-09-17 21:10:16,244.5,106.4,14.4,2026-09-17 13:12:16,38.8,1454.8
11,R11_T15_OBJECT_AA_66690,tle-66690,TASA,2026-09-17 14:43:06,2026-09-17 14:48:45,2026-09-17 22:43:06,338.9,212.4,20.8,2026-09-17 14:45:56,313.0,1177.4
11,R11_T15_OBJECT_AA_66690,tle-66690,TASA,2026-09-18 02:20:39,2026-09-18 02:28:01,2026-09-18 10:20:39,442.4,17.6,66.1,2026-09-18 02:24:19,183.6,555.2
11,R11_T15_OBJECT_AA_66690,tle-66690,TASA,2026-09-18 14:24:52,2026-09-18 14:31:44,2026-09-18 22:24:52,412.6,191.8,37.3,2026-09-18 14:28:22,330.1,787.3
11,R11_T15_OBJECT_AA_66690,tle-66690,TASA,2026-09-19 02:03:20,2026-09-19 02:10:08,2026-09-19 10:03:20,408.5,32.2,34.1,2026-09-19 02:06:40,165.4,848.2
11,R11_T15_OBJECT_AA_66690,tle-66690,TASA,2026-09-19 14:07:02,2026-09-19 14:14:23,2026-09-19 22:07:02,440.7,173.7,73.5,2026-09-19 14:10:42,344.6,525.7
11,R11_T15_OBJECT_AA_66690,tle-66690,TASA,2026-09-20 01:46:23,2026-09-20 01:51:49,2026-09-20 09:46:23,325.9,49.8,19.2,2026-09-20 01:49:03,144.3,1247.1
11,R11_T15_OBJECT_AA_66690,tle-66690,TASA,2026-09-20 03:20:27,2026-09-20 03:25:03,2026-09-20 11:20:27,276.6,325.6,15.9,2026-09-20 03:22:47,248.4,1391.1
11,R11_T15_OBJECT_AA_66690,tle-66690,TASA,2026-09-20 13:49:31,2026-09-20 13:56:44,2026-09-20 21:49:31,433.5,156.1,56.8,2026-09-20 13:53:11,358.5,595.6
11,R11_T15_OBJECT_AA_66690,tle-66690,TASA,2026-09-21 01:30:31,2026-09-21 01:32:20,2026-09-21 09:30:31,108.2,81.1,10.7,2026-09-21 01:31:21,109.5,1679.0
11,R11_T15_OBJECT_AA_66690,tle-66690,TASA,2026-09-21 03:02:04,2026-09-21 03:08:26,2026-09-21 11:02:04,382.7,344.3,27.4,2026-09-21 03:05:14,225.7,989.0
11,R11_T15_OBJECT_AA_66690,tle-66690,TASA,2026-09-21 13:32:20,2026-09-21 13:38:50,2026-09-21 21:32:20,390.2,137.5,30.0,2026-09-21 13:35:30,13.1,919.2
11,R11_T15_OBJECT_AA_66690,tle-66690,TASA,2026-09-22 02:44:06,2026-09-22 02:51:19,2026-09-22 10:44:06,433.0,359.2,50.7,2026-09-22 02:47:46,207.0,646.1
