norad,intdes,name,gcat_name,gcat_owner,mass_kg,length_m,diam_m,span_m,shape,sep_raw,epoch,alt_km,inc_deg,raan_deg,ecc,mm_rev_day,ndot,bstar,unknown
66667,25276B,PELICAN-5,Pelican 5,PLAN,160.0,2.3,0.6,3.0,Box+2 pan,2025 Nov 28 2005:00,2026-09-14T22:16:16,457.89100767219134,97.392,333.14,0.0001524,15.360205000000002,7.358e-05,0.00021211,False
66703,25276AP,PELICAN-6,Pelican 6,PLAN,160.0,2.3,0.6,3.0,Box+2 pan,2025 Nov 28 2004:56,2026-09-14T22:00:03,461.0825220186498,97.331,332.5893,0.0002103,15.34945452,-0.00033718,-0.00099814,False
66668,25276C,SARI-1,Sari 1,SAUDSA,0.25,0.05,0.05,0.1,Box+2 ant,2025 Nov 28 1939:48,2026-09-14T22:25:27,467.75219358729737,97.3974,331.8298,0.0006253,15.32702846,0.00036985,0.0011686,False
66669,25276D,SARI-2,Sari 2,SAUDSA,0.25,0.05,0.05,0.1,Box+2 ant,2025 Nov 28 1939:48,2026-09-14T22:01:39,470.35267226731685,97.3986,331.7655,0.000654,15.318299420000002,0.00033876,0.0011005,False
66670,25276E,HUNITY,Hunity,BME,0.75,0.178,0.05,0.4,Box+3 pan,2025 Nov 28 1939:48,2026-09-14T15:28:08,471.9196910443952,97.3986,331.3934,0.0006401,15.3130434,0.00024683,0.00081673,False
66748,25276CL,UMBRA-11,Umbra-11,UMBRA,84.0,0.8,0.6,4.0,Box + 2 Pan + Dish,2025 Nov 28 2004:53,2026-09-14T22:48:55,475.6542888295544,97.4123,332.2071,0.0002104,15.3005291,0.00024258,0.0008348,False
66681,25276R,TRANSPORTER-15 OBJECT R,CTC-1B,SPCOIN/ARROW,21.0,0.4,0.2,0.4,Box,2025 Nov 28 1943:35,2026-09-14T10:27:29,486.29391376128024,97.4039,330.468,0.0005903,15.264969970000001,0.00012795,0.00049244,True
66765,25276DD,TRANSPORTER-15 OBJECT DD,WISDOM B,C3S,5.0,0.3,0.1,0.3,Box,2025 Nov 28 1942:55,2026-09-14T10:42:55,488.8630514379802,97.4144,330.9576,0.000104,15.25640419,8.314e-05,0.00032963,True
66673,25276H,TRANSPORTER-15 OBJECT H,TORO2,TASA/PYRAS,15.0,0.4,0.2,0.4,Box,2025 Nov 28 1939:09,2026-09-14T22:08:56,490.43518758351274,97.4089,330.7307,0.0006906,15.25116647,0.00015605,0.0006249200000000001,True
66720,25276BG,FLOCK 4H-17,Flock 4h-17,PLAN,5.7,0.3,0.1,0.3,Box+2 pan,2025 Nov 28 1954:26,2026-09-14T15:37:41,490.87412011056404,97.4132,330.7225,0.0003205,15.249704660000003,0.00011148,0.00044972,False
66693,25276AD,AE5RB,AE5RB,ARKE,10.0,0.3,0.2,0.3,Box+ 2 pan,2025 Nov 28 1946:43,2026-09-14T15:37:35,491.3661960863692,97.4095,330.5204,0.0004833,15.24806614,0.00011635,0.00047141,False
66677,25276M,AE5RC,AE5RC,ARKE,10.0,0.3,0.2,0.3,Box+ 2 pan,2025 Nov 28 1942:46,2026-09-14T10:54:42,491.40591089189,97.4104,330.3593,0.0006106,15.24793391,0.00011136,0.00045144,False
66685,25276V,AE5RA,AE5RA,ARKE,10.0,0.3,0.2,0.3,Box+ 2 pan,2025 Nov 28 1946:12,2026-09-14T15:37:09,491.49648249837264,97.41410000000002,330.6934,0.000552,15.247632359999999,9.13e-05,0.00037108999999999997,False
66714,25276BA,FLOCK 4H-11,Flock 4h-11,PLAN,5.7,0.3,0.1,0.3,Box+2 pan,2025 Nov 28 2003:11,2026-09-14T22:30:57,491.52576159883574,97.4118,330.8793,0.0003878,15.24753488,0.00014071,0.00057026,False
66777,25276DR,LUNA-1,Luna-1,ASELSN,12.0,0.3,0.2,0.3,Box,2025 Nov 28 1940:26,2026-09-14T15:29:56,493.3397096697745,97.4182,331.0155,3.47e-05,15.241497659999999,7.502e-05,0.00031123,False
66761,25276CZ,TRANSPORTER-15 OBJECT CZ,TRYAD 2,AUBU/UAH,12.0,0.3,0.2,0.3,Box,2025 Nov 28 1939:34,2026-09-14T22:11:45,494.9445342441877,97.4106,330.8303,0.0001112,15.23615977,8.238e-05,0.00034684,True
66671,25276F,ANISCSAT-1,ANISCSAT,AZER,0.25,0.05,0.05,0.1,Box+2 ant,2025 Nov 28 1939:48,2026-09-14T02:44:53,496.27240667240494,97.4133,329.7201,0.000658,15.231745419999998,8.592e-05,0.00036616,False
66788,25276EC,FOSSASA-2E23,WISESAT-6,WISEK/FOSSA,4.0,0.3,0.1,0.3,Box + 2 pan,2026 Jan?,2026-09-14T16:17:38,497.0279709794122,97.41670000000002,330.2511,0.0006079,15.229234590000003,7.566e-05,0.00032526,False
66687,25276X,LEO EXPRESS 3,LEO Express 3,IMPUL,250.0,0.9,0.5,0.9,Box,2025 Nov 28 2003:45,2026-09-14T22:14:45,497.86322930418646,97.4183,330.4155,0.0004119,15.22645973,0.00010651,0.00046032,False
66772,25276DL,IHI-SAT2,IHI-SAT-2,IHIC,12.0,0.3,0.2,0.3,Box,2025 Nov 28 1939:19,2026-09-13T17:03:39,498.65375648816644,97.4164,329.5734,3.38e-05,15.22383425,4.216e-05,0.00018563,False
66775,25276DP,PHI 1,PHI-1,MBRSC,20.0,0.3,0.2,0.3,Box,2025 Nov 28 1939:28,2026-09-14T10:57:52,499.0929340423427,97.4056,329.8781,0.0001841,15.22237599,4.79e-05,0.00021137,False
66691,25276AB,TRANSPORTER-15 OBJECT AB,TRYAD 1,AUBU/UAH,12.0,0.3,0.2,0.3,Box,2025 Nov 28 1941:10,2026-09-14T15:34:18,499.1983855226008,97.4125,330.0544,0.0005593,15.22202588,6.698e-05,0.00029448999999999995,True
66675,25276K,VEERY-0G,Veery-0G,CAREWX,1.0,0.1,0.1,0.1,Box,2025 Nov 28 1941:08,2026-09-14T03:38:52,499.32567302128336,97.4098,329.386,0.000684,15.22160329,6.758e-05,0.0002974,False
66723,25276BK,FLOCK 4H-20,Flock 4h-20,PLAN,5.7,0.3,0.1,0.3,Box+2 pan,2025 Nov 28 1953:57,2026-09-14T14:59:15,499.43595004016606,97.41410000000002,330.2798,0.0002676,15.221237190000002,5.925e-05,0.00026155,False
66700,25276AL,IRIDE-MS1-EAGLET 2-6,IRIDE-MS1-Eaglet-2-6,ASI/OHBI,25.0,0.6,0.3,2.0,Box+2 pan,2025 Nov 28 1945:37,2026-09-14T15:06:07,499.47432964847576,97.4146,330.2779,0.0002801,15.221109779999999,4.39e-05,0.00019467,False
66776,25276DQ,LEMUR-2-LAILA,Lemur-2 Laila,SPIRE,7.6,0.3,0.1,1.0,Box+ 2 pan,2025 Nov 28 1939:41,2026-09-14T15:37:45,499.47788116743413,97.4101,330.234,0.0001188,15.22109799,4.302e-05,0.00019086,False
66717,25276BD,FLOCK 4H-14,Flock 4h-14,PLAN,5.7,0.3,0.1,0.3,Box+2 pan,2025 Nov 28 1942:28,2026-09-14T15:18:07,499.56051928939087,97.4132,330.2265,0.0001549,15.22082366,6.014e-05,0.00026575,False
66774,25276DN,GENA-OT,Gena-OT-1,ORORA/UBWM,15.0,0.3,0.2,0.4,Box+2 pan,2025 Nov 28 1939:57,2026-09-14T22:38:58,499.7984585261511,97.41280000000002,330.5771,4.58e-05,15.220033829999998,5.579e-05,0.00024733,False
66697,25276AH,IRIDE-MS1-EAGLET 2-3,IRIDE-MS1-Eaglet-2-3,ASI/OHBI,25.0,0.6,0.3,2.0,Box+2 pan,2025 Nov 28 1945:27,2026-09-14T03:23:53,500.138260214223,97.41090000000001,329.5772,0.000243,15.21890599,5.94e-05,0.000264,False
66768,25276DG,LEMUR-2-TEODOR,Lemur-2 Teodor,SPIRE,7.6,0.3,0.1,1.0,Box+ 2 pan,2025 Nov 28 1940:07,2026-09-14T22:53:23,500.1743566669802,97.4077,330.3529,0.0001653,15.218786189999998,5.193e-05,0.00023128000000000002,False
66759,25276CX,TRANSPORTER-15 OBJECT CX,Phasma-Lamarr,LIBRE/ELKED,5.0,0.3,0.1,0.3,Box,2025 Nov 28 1942:14,2026-09-14T11:04:10,500.20760318441535,97.4093,329.86710000000005,0.0001616,15.218675850000002,4.64e-05,0.00020705000000000002,True
66722,25276BJ,FLOCK 4H-19,Flock 4h-19,PLAN,5.7,0.3,0.1,0.3,Box+2 pan,2025 Nov 28 1953:26,2026-09-14T15:08:17,500.2120143892944,97.4106,330.1295,0.0001632,15.21866121,4.896e-05,0.00021833,False
66736,25276BY,FLOCK 4H-33,Flock 4h-33,PLAN,5.7,0.3,0.1,0.3,Box+2 pan,2025 Nov 28 1949:38,2026-09-14T11:01:01,500.3717023574118,97.4147,330.0634,0.0002171,15.21813125,5.131e-05,0.00022899000000000001,False
66705,25276AR,FLOCK 4H-2,Flock 4h-2,PLAN,5.7,0.3,0.1,0.3,Box+2 pan,2025 Nov 28 1949:59,2026-09-14T03:39:34,500.3725792265086,97.4103,329.5263,0.0002184,15.218128340000002,5.498e-05,0.00024517,False
66741,25276CD,BLACK KITE-1,Black Kite 1,TASA/RAPTEK,15.0,0.4,0.2,0.4,Box,2025 Nov 28 1939:30,2026-09-14T10:35:56,500.5341026783317,97.4169,329.87610000000006,0.0006452,15.21759232,5.868e-05,0.00026172,False
66724,25276BL,FLOCK 4H-21,Flock 4h-21,PLAN,5.7,0.3,0.1,0.3,Box+2 pan,2025 Nov 28 1957:11,2026-09-14T22:26:37,500.6191954382102,97.4107,330.3443,0.000242,15.217309950000002,6.024e-05,0.00026895,False
66695,25276AF,IRIDE-MS1-EAGLET 2-1,IRIDE-MS1-Eaglet-2-1,ASI/OHBI,25.0,0.6,0.3,2.0,Box+2 pan,2025 Nov 28 1944:42,2026-09-14T11:10:51,500.6321658587585,97.4121,329.9579,0.0002406,15.217266910000001,3.766e-05,0.00016932,False
66756,25276CU,MAUVE,MAUVE,BLSKSP,24.0,0.4,0.2,0.6,Box+2 pan,2025 Nov 28 1944:57,2026-09-14T15:42:12,500.89724112626936,97.4133,330.0512,0.0002233,15.216387350000002,5.125e-05,0.00022992000000000002,False
66766,25276DE,T.MICROSAT-1,Bellbird-1,TASA/TRON,15.0,0.4,0.2,0.4,Box,2025 Nov 28 1941:22,2026-09-14T22:17:17,500.91203625869275,97.4084,330.2678,0.0001285,15.21633826,5.174e-05,0.0002321,False
66728,25276BQ,FLOCK 4H-25,Flock 4h-25,PLAN,5.7,0.3,0.1,0.3,Box+2 pan,2025 Nov 28 1941:37,2026-09-14T15:05:44,501.06010347822485,97.4121,330.0339,0.0001372,15.21584699,5.006e-05,0.00022501,False
66738,25276CA,FLOCK 4H-35,Flock 4h-35,PLAN,5.7,0.3,0.1,0.3,Box+2 pan,2025 Nov 28 1949:22,2026-09-14T10:20:34,501.08483386443095,97.4123,329.8554,0.0001761,15.215764939999998,4.646e-05,0.00020909,False
66771,25276DK,GYEONGGISAT-1,Gyeonggisat-1,NARAST,25.0,0.4,0.4,0.4,Box,2025 Nov 28 1940:46,2026-09-14T16:09:38,501.10828950739324,97.4157,330.2857,3.14e-05,15.215687120000002,4.698e-05,0.00021147,False
66716,25276BC,FLOCK 4H-13,Flock 4h-13,PLAN,5.7,0.3,0.1,0.3,Box+2 pan,2025 Nov 28 1942:38,2026-09-14T10:24:19,501.18106295200323,97.4151,329.9485,0.0001629,15.215445680000002,5.187e-05,0.00023329,False
66704,25276AQ,FLOCK 4H-1,Flock 4h-1,PLAN,5.7,0.3,0.1,0.3,Box+2 pan,2025 Nov 28 1957:27,2026-09-14T10:54:11,501.2610846156467,97.4094,329.7484,0.000234,15.2151802,5.01e-05,0.00022561,False
66715,25276BB,FLOCK 4H-12,Flock 4h-12,PLAN,5.7,0.3,0.1,0.3,Box+2 pan,2025 Nov 28 2001:12,2026-09-14T22:13:45,501.31124854620975,97.4115,330.2268,0.0002739,15.215013779999998,5.702e-05,0.00025646,False
66708,25276AU,FLOCK 4H-5,Flock 4h-5,PLAN,5.7,0.3,0.1,0.3,Box+2 pan,2025 Nov 28 1942:47,2026-09-14T12:15:09,501.3233540999008,97.4103,329.8289,0.0001893,15.214973620000002,4.813e-05,0.00021700000000000002,False
66712,25276AY,FLOCK 4H-9,Flock 4h-9,PLAN,5.7,0.3,0.1,0.3,Box+2 pan,2025 Nov 28 2002:33,2026-09-14T22:33:35,501.3275862333285,97.41410000000002,330.3239,0.0004028,15.214959579999999,6.862e-05,0.00030799,False
66737,25276BZ,FLOCK 4H-34,Flock 4h-34,PLAN,5.7,0.3,0.1,0.3,Box+2 pan,2025 Nov 28 1949:49,2026-09-14T15:45:43,501.375584025398,97.4165,330.1641,0.0002552,15.214800350000003,4.844e-05,0.00021848,False
66696,25276AG,IRIDE-MS1-EAGLET 2-2,IRIDE-MS1-Eaglet-2-2,ASI/OHBI,25.0,0.6,0.3,2.0,Box+2 pan,2025 Nov 28 1947:39,2026-09-14T12:15:18,501.53107995289884,97.4112,329.7003,0.0005154,15.21428452,4.003e-05,0.00018133,False
66730,25276BS,FLOCK 4H-27,Flock 4h-27,PLAN,5.7,0.3,0.1,0.3,Box+2 pan,2025 Nov 28 1945:06,2026-09-13T22:38:20,501.5632907714253,97.4098,329.1763,0.00018,15.214177669999998,5.904e-05,0.00026609,False
66739,25276CB,FLOCK 4H-36,Flock 4h-36,PLAN,5.7,0.3,0.1,0.3,Box+2 pan,2025 Nov 28 1950:00,2026-09-14T03:34:20,501.58845375738747,97.4176,329.6538,0.0003008,15.2140942,6.455e-05,0.00029065000000000004,False
66757,25276CV,PIAST-S2,PIAST-S2,WAT,12.0,0.3,0.2,0.3,Box,2025 Nov 28 1944:44,2026-09-14T22:08:34,501.8726966204549,97.4137,330.3381,0.0002118,15.21315137,4.82e-05,0.00021844,False
66718,25276BE,FLOCK 4H-15,Flock 4h-15,PLAN,5.7,0.3,0.1,0.3,Box+2 pan,2025 Nov 28 1951:34,2026-09-14T10:27:53,501.90688323202903,97.4144,329.4785,0.0004674,15.21303798,0.0001506,0.0006752399999999999,False
66725,25276BM,FLOCK 4H-22,Flock 4h-22,PLAN,5.7,0.3,0.1,0.3,Box+2 pan,2025 Nov 28 1956:15,2026-09-14T16:06:38,502.15234646895624,97.4098,329.7409,0.0004205,15.21222387,5.995e-05,0.00027161000000000004,False
66709,25276AV,FLOCK 4H-6,Flock 4h-6,PLAN,5.7,0.3,0.1,0.3,Box+2 pan,2025 Nov 28 1958:41,2026-09-14T02:34:13,502.18670239517087,97.4157,329.4913,0.0003882,15.212109930000002,3.603e-05,0.00016456,False
66731,25276BT,FLOCK 4H-28,Flock 4h-28,PLAN,5.7,0.3,0.1,0.3,Box+2 pan,2025 Nov 28 1943:58,2026-09-14T22:43:49,502.2261365558261,97.4102,329.8624,0.0005454,15.211979149999998,0.00012184,0.00054872,False
66773,25276DM,TRANSPORTER-15 OBJECT DM,CTC-1A,SPCOIN/ARROW,21.0,0.4,0.2,0.4,Box,2025 Nov 28 1941:36,2026-09-14T02:29:51,502.285756241994,97.41480000000001,329.6215,1.62e-05,15.21178143,3.651e-05,0.00016691,True
66711,25276AX,FLOCK 4H-8,Flock 4h-8,PLAN,5.7,0.3,0.1,0.3,Box+2 pan,2025 Nov 28 1959:22,2026-09-14T11:28:53,502.3155846619575,97.41540000000002,329.7537,0.0004846,15.211682509999997,5.165e-05,0.00023482,False
66769,25276DH,SPEQTRE,Speqtre,RAL/SPEQ,20.0,0.3,0.2,0.3,Box,2025 Nov 28 1940:36,2026-09-14T12:13:37,502.3195137632083,97.4132,329.9445,3.92e-05,15.211669479999998,3.633e-05,0.00016617000000000002,False
66740,25276CC,NUSAT-51 (YVONNE BRILL),Beatrice Tinsley,URUGUS,41.5,0.813,0.508,0.813,Box,2025 Nov 28 2008:14,2026-09-14T10:47:21,502.36024648027706,97.41410000000002,329.7283,0.0004275,15.2115344,4.526e-05,0.00020626,False
66699,25276AK,IRIDE-MS1-EAGLET 2-5,IRIDE-MS1-Eaglet-2-5,ASI/OHBI,25.0,0.6,0.3,2.0,Box+2 pan,2025 Nov 28 1944:52,2026-09-14T16:19:28,502.36296040792877,97.4124,329.8358,0.0005253,15.211525399999998,6.071e-05,0.00027557,False
66743,25276CF,NUSAT-47,Melina Furman,URUGUS,41.5,0.813,0.508,0.813,Box,2025 Nov 28 2005:14,2026-09-13T17:32:42,502.4208853085611,97.4114,328.9387,0.0003127,15.21133331,3.839e-05,0.00017556,False
66749,25276CM,PIAST-S1,PIAST-S1,WAT,12.0,0.3,0.2,0.3,Box,2025 Nov 28 2004:10,2026-09-14T23:10:17,502.61075931067626,97.4114,330.1928,0.0003071,15.21070368,4.911e-05,0.00022411000000000002,False
66710,25276AW,FLOCK 4H-7,Flock 4h-7,PLAN,5.7,0.3,0.1,0.3,Box+2 pan,2025 Nov 28 2000:35,2026-09-14T14:58:01,502.66045928918356,97.4112,329.7043,0.000386,15.21053888,5.91e-05,0.00026912999999999997,False
66701,25276AM,IRIDE-MS1-EAGLET 2-7,IRIDE-MS1-Eaglet-2-7,ASI/OHBI,25.0,0.6,0.3,2.0,Box+2 pan,2025 Nov 28 1947:24,2026-09-14T22:34:38,502.67554739106436,97.4143,330.1687,0.0005914,15.210488850000003,6.228e-05,0.0002834,False
66758,25276CW,PIAST-M,PIAST-M,WAT,12.0,0.3,0.2,0.3,Box,2025 Nov 28 1944:15,2026-09-14T10:17:51,502.8549070160552,97.411,329.6645,0.0001956,15.209894139999998,3.831e-05,0.00017595,False
66702,25276AN,IRIDE-MS1-EAGLET 2-8,IRIDE-MS1-Eaglet-2-8,ASI/OHBI,25.0,0.6,0.3,2.0,Box+2 pan,2025 Nov 28 1946:51,2026-09-14T22:47:28,502.89413057959155,97.4115,330.0648,0.0005654,15.20976409,6.628e-05,0.00030206,False
66760,25276CY,TRANSPORTER-15 OBJECT CY,PW-6U,SATRV,12.0,0.3,0.2,0.3,Box,2025 Nov 28 1941:21,2026-09-14T08:29:58,502.9647434509743,97.4114,329.6251,0.0001445,15.209529970000002,3.753e-05,0.00017259,True
66706,25276AS,FLOCK 4H-3,Flock 4h-3,PLAN,5.7,0.3,0.1,0.3,Box+2 pan,2025 Nov 28 1948:04,2026-09-14T10:36:21,503.16066354061604,97.4172,329.7089,0.0005148,15.20888042,5.125e-05,0.00023492,False
66727,25276BP,FLOCK 4H-24,Flock 4h-24,PLAN,5.7,0.3,0.1,0.3,Box+2 pan,2025 Nov 28 1955:07,2026-09-14T15:47:50,503.26032858985764,97.4164,329.8612,0.0005336,15.20855001,5.541e-05,0.00025395,False
66733,25276BV,FLOCK 4H-30,Flock 4h-30,PLAN,5.7,0.3,0.1,0.3,Box+2 pan,2025 Nov 28 1950:50,2026-09-14T22:14:39,503.2978536075743,97.4157,330.092,0.0005578,15.20842561,6.334e-05,0.00028995,False
66719,25276BF,FLOCK 4H-16,Flock 4h-16,PLAN,5.7,0.3,0.1,0.3,Box+2 pan,2025 Nov 28 1947:37,2026-09-14T22:22:47,503.3505825515831,97.416,330.0962,0.0005546,15.208250810000001,6.464e-05,0.00029595,False
66713,25276AZ,FLOCK 4H-10,Flock 4h-10,PLAN,5.7,0.3,0.1,0.3,Box+2 pan,2025 Nov 28 1941:26,2026-09-14T03:15:57,503.40218429129254,97.4121,329.162,0.0005701,15.208079750000001,6.1e-05,0.00027963,False
66721,25276BH,FLOCK 4H-18,Flock 4h-18,PLAN,5.7,0.3,0.1,0.3,Box+2 pan,2025 Nov 28 1952:12,2026-09-14T03:38:10,503.60059423802613,97.4106,329.0899,0.0005411,15.207422050000002,5.105e-05,0.000235,False
66726,25276BN,FLOCK 4H-23,Flock 4h-23,PLAN,5.7,0.3,0.1,0.3,Box+2 pan,2025 Nov 28 1944:00,2026-09-14T22:35:38,503.63831999151444,97.4168,330.1036,0.0005502,15.207297,6.375e-05,0.00029276000000000004,False
66707,25276AT,FLOCK 4H-4,Flock 4h-4,PLAN,5.7,0.3,0.1,0.3,Box+2 pan,2025 Nov 28 1944:37,2026-09-14T22:42:48,503.6566324788855,97.4153,330.0406,0.0005826,15.2072363,7.826e-05,0.00035864,False
66735,25276BX,FLOCK 4H-32,Flock 4h-32,PLAN,5.7,0.3,0.1,0.3,Box+2 pan,2025 Nov 28 1947:14,2026-09-14T22:34:39,503.7064750405325,97.415,330.0437,0.0005819,15.207071090000001,7.231e-05,0.00033178000000000005,False
66732,25276BU,FLOCK 4H-29,Flock 4h-29,PLAN,5.7,0.3,0.1,0.3,Box+2 pan,2025 Nov 28 1951:44,2026-09-14T03:37:05,503.74143566646853,97.4099,329.0590000000001,0.0004862,15.206955209999999,6.398e-05,0.00029412,False
66678,25276N,OTTER SDM,Otter SDM,DLR,5.0,0.3,0.1,0.3,Box+ 2 pan,2025 Nov 28 1940:51,2026-09-14T15:13:46,503.74974747881606,97.4137,329.6497,0.0006794,15.20692766,5.239e-05,0.00024139,False
66734,25276BW,FLOCK 4H-31,Flock 4h-31,PLAN,5.7,0.3,0.1,0.3,Box+2 pan,2025 Nov 28 1947:58,2026-09-14T10:20:59,504.0914525715425,97.4095,329.2906,0.0005126,15.20579513,5.014e-05,0.00023196,False
66698,25276AJ,IRIDE-MS1-EAGLET 2-4,IRIDE-MS1-Eaglet-2-4,ASI/OHBI,25.0,0.6,0.3,2.0,Box+2 pan,2025 Nov 28 1945:22,2026-09-14T16:10:17,504.1077102137024,97.41090000000001,329.6407,0.0005231,15.20574125,5.105e-05,0.00023613,False
66729,25276BR,FLOCK 4H-26,Flock 4h-26,PLAN,5.7,0.3,0.1,0.3,Box+2 pan,2025 Nov 28 1943:46,2026-09-14T10:33:40,504.1523618933952,97.412,329.3652,0.0006126,15.20559327,5.196e-05,0.00024039,False
66767,25276DF,ACCENTURE-1,Accenture-1,OCOS/ACCRE,12.0,0.3,0.2,0.3,Box,2025 Nov 28 1940:29,2026-09-14T10:50:12,504.26705708634745,97.4088,329.5467,0.000119,15.20521317,2.684e-05,0.00012589,False
66692,25276AC,NUSAT-52,Yvonne Brill,URUGUS,41.5,0.813,0.508,0.813,Box,2025 Nov 28 2003:35,2026-09-14T03:26:34,504.32822075696185,97.4133,329.2234,0.0004632,15.20501048,4.595e-05,0.00021333,False
66750,25276CN,TRANSPORTER-15 OBJECT CN,CTC-1C,SPCOIN/ARROW,21.0,0.4,0.2,0.4,Box,2025 Nov 28 1944:12,2026-09-14T22:40:34,504.4817922500024,97.4152,330.2166,0.0002108,15.204501580000002,3.65e-05,0.00017039000000000003,True
66742,25276CE,MERCURY ONE (M1),Mercury One,PROTE,50.0,0.8,0.4,0.8,Box,2025 Nov 28 2005:36,2026-09-14T11:14:14,505.0602020573424,97.4117,329.4927,0.0003146,15.202585120000002,3.395e-05,0.0001596,False
66686,25276W,LEMUR-2-STAS-GORBUK,Lemur-2 Stas-Gorbuk,SPIRE,7.6,0.3,0.1,1.0,Box+ 2 pan,2025 Nov 28 1943:13,2026-09-14T22:30:12,505.2808522983041,97.4168,329.9847,0.0006215,15.20185414,5.111e-05,0.00023909,False
66688,25276Y,WISDOM A,WISDOM A,C3S,5.0,0.3,0.1,0.3,Box,2025 Nov 28 1942:55,2026-09-14T22:31:23,505.6307238294603,97.4143,329.8903000000001,0.0006028,15.20069519,4.763e-05,0.00022375999999999999,False
66680,25276Q,LEMUR-2-DEANANDMAEVE,Lemur-2 DeanAndMeave,SPIRE,7.6,0.3,0.1,1.0,Box+ 2 pan,2025 Nov 28 1939:50,2026-09-14T15:25:18,505.8391825996641,97.41280000000002,329.4548,0.0006917,15.20000474,4.13e-05,0.00019482,False
66770,25276DJ,LILIUM-3,Lilium 3,NCKU,12.0,0.3,0.2,0.3,Box,2025 Nov 28 1942:05,2026-09-14T15:22:59,506.2090549830673,97.4171,329.9061,9.96e-05,15.19877979,1.765e-05,8.542800000000001e-05,False
66676,25276L,TRANSPORTER-15 OBJECT L,HCT-SAT2,HCT/MBRSC,1.0,0.1,0.1,0.1,Box,2025 Nov 28 1940:51,2026-09-14T22:19:33,506.60419800782347,97.40960000000001,329.5817,0.0007124,15.197471330000003,4.551e-05,0.00021589,True
66684,25276U,MICE-1,MICE-1,PRISMA/ELKED,5.0,0.3,0.1,0.3,Box,2025 Nov 28 1941:24,2026-09-14T11:28:19,506.66352297712,97.4198,329.617,0.0006559,15.197274899999998,2.908e-05,0.00013922,False
66690,25276AA,TRANSPORTER-15 OBJECT AA,SPiN 2,SPINL,5.0,0.3,0.1,0.3,Box,2025 Nov 28 1941:08,2026-09-14T15:33:03,506.7732879595678,97.4108,329.373,0.0005974,15.19691147,3.725e-05,0.00017762,True
66780,25276DU,FOSSASAT-2E24,WISESAT-7,WISEK/FOSSA,4.0,0.3,0.1,0.3,Box + 2 pan,2025 Dec?,2026-09-14T15:50:11,507.655308707378,97.41,329.3191,0.0004898,15.19399164,2.555e-05,0.00012387,False
66779,25276DT,FOSSASAT-2E22,WISESAT-5,WISEK/FOSSA,4.0,0.3,0.1,0.3,Box + 2 pan,2025 Dec?,2026-09-14T22:04:11,507.81342581966874,97.41090000000001,329.4491,0.0005594,15.193468309999998,1.825e-05,8.953700000000001e-05,False
66778,25276DS,FORESAIL-1 PRIME,Foresail-1 Prime,AALTO,4.0,0.3,0.1,0.3,Box,2025 Dec,2026-09-14T10:51:06,507.8347482894096,97.4123,329.0921000000001,0.0003297,15.193397739999998,3.319e-05,0.00016027,False
66764,25276DC,NAHLA,Nahla,ASPLB,200.0,1.0,0.5,3.0,Box + 2 pan,2025 Nov 28 2004:37,2026-09-14T15:08:32,508.0345777955499,97.4127,329.45240000000007,0.0003648,15.192736399999998,1.973e-05,9.677700000000001e-05,False
66754,25276CS,ICEYE-X61,MikroSAR,ARGUS/MON,120.0,0.8,0.6,1.5,Box + pan,2025 Nov 28 2003:13,2026-09-14T04:09:37,508.84174536474984,97.41280000000002,328.998,0.0004165,15.190065550000002,2.397e-05,0.00011776000000000001,False
66683,25276T,6GSTARLAB,6GStarLab,I2CAT,12.0,0.3,0.2,0.6,Box+2 pan,2025 Nov 28 1940:28,2026-09-14T16:04:49,509.4151854875872,97.4168,329.4208,0.0006999,15.18816856,2.317e-05,0.00011453,False
66745,25276CH,AC1-002,AC1-002,BAEG/INSBAE,140.0,0.9,0.9,0.9,Trunc pyramid,2025 Nov 28 2008:11,2026-09-14T15:25:19,509.5895667035238,97.412,329.2772,0.0003434,15.18759177,1.688e-05,8.446300000000001e-05,False
66744,25276CG,AC1-001,AC1-001,BAEG/INSBAE,140.0,0.9,0.9,0.9,Trunc pyramid,2025 Nov 28 2005:22,2026-09-14T22:08:16,509.85435677584246,97.41280000000002,329.5475,0.0004253,15.18671601,1.766e-05,8.8433e-05,False
66674,25276J,BRO-20,BRO-20,UNSEEN,15.0,0.4,0.2,0.4,Box,2025 Nov 28 1939:23,2026-09-13T22:18:53,509.9997880748897,97.40960000000001,328.2899,0.000764,15.18623505,2.236e-05,0.00011121,False
66689,25276Z,AC1-003,AC1-003,BAEG/INSBAE,140.0,0.9,0.9,0.9,Trunc pyramid,2025 Nov 28 2003:47,2026-09-14T22:40:51,510.2198455229045,97.41290000000001,329.5179,0.0004256,15.185507339999997,1.724e-05,8.671400000000001e-05,False
66672,25276G,BRO-17,BRO-17,UNSEEN,15.0,0.4,0.2,0.4,Box,2025 Nov 28 1939:12,2026-09-14T22:46:39,510.51726292758303,97.4115,329.3026,0.0007976,15.184523899999999,2.789e-05,0.0001386,False
66679,25276P,LILIUM-2,Lilium 2,NCKU,12.0,0.3,0.2,0.3,Box,2025 Nov 28 1940:12,2026-09-14T22:40:19,510.8113640470265,97.4075,329.1735,0.0007342,15.18355153,2.77e-05,0.00013808,False
66751,25276CP,ICEYE-X58,ICEYE-X58,ICEYE,120.0,0.8,0.6,1.5,Box + pan,2025 Nov 28 2004:00,2026-09-14T22:28:21,513.2474119520703,97.4131,329.5298,0.0004103,15.175501349999998,2.164e-05,0.00011113000000000002,False
66694,25276AE,YAM-9,YAM-9,LOFT/EDA,150.0,1.3,1.0,5.0,Trapezoid+2 pan,2025 Nov 28 2004:45,2026-09-14T11:20:02,518.7950806848812,97.41350000000001,327.9035,0.0008677,15.15719501,4.167e-05,0.00022192999999999998,False
66762,25276DA,HYDROGNSS-1,HydroGNSS-1,ESA,65.0,0.7,0.5,1.5,Box +3 pan,2025 Nov 28 2004:02,2026-09-14T15:05:19,530.4974385270734,97.41220000000001,327.5076,0.0012491,15.11869975,2.176e-05,0.00013068,False
66763,25276DB,HYDROGNSS-2,HydroGNSS-2,ESA,65.0,0.7,0.5,1.5,Box +3 pan,2025 Nov 28 2007:32,2026-09-14T15:54:34,530.5465834419192,97.4124,327.472,0.0012318,15.118538430000001,2.29e-05,0.00013738000000000002,False
66755,25276CT,ICEYE-X62,ICEYE-X62,ICEYE,120.0,0.8,0.6,1.5,Box + pan,2025 Nov 28 2005:50,2026-09-14T04:16:36,534.8924768130819,97.4124,326.5867,0.0003891,15.10428421,1.384e-05,8.7929e-05,False
66753,25276CR,ICEYE-X60,ICEYE SAR-2,ELKED,120.0,0.8,0.6,1.5,Box + pan,2025 Nov 28 2003:25,2026-09-14T22:23:55,536.5466482895245,97.4121,327.8569,0.0003915,15.09886453,4.749e-05,0.00029693000000000005,False
66752,25276CQ,ICEYE-X59,ICEYE SAR-1,ELKED,120.0,0.8,0.6,1.5,Box + pan,2025 Nov 28 2010:05,2026-09-14T14:38:17,562.4676137213683,97.4513,325.1574,0.0001447,15.01435932,3.434e-05,0.00027034000000000004,False
66666,25276A,FORMOSAT-8A,Formosat-8A,TASA,380.0,1.6,1.2,4.4,Box + 2 pan,2025 Nov 28 2104:26,2026-09-14T03:28:09,563.6139179358161,97.6543,330.0521,0.000605,15.01064045,1.296e-05,0.00010603,False
66787,25276EB,LEMUR-2-MYRA,Lemur-2 Myra,SPIRE/LACU,5.0,0.4,0.1,0.4,Box,2026 Feb 19?,2026-09-14T03:24:52,563.7760656803239,97.5312,325.1863,0.0016068,15.01011453,5.548e-05,0.00043782,False
66782,25276DW,LEMUR-2-FINNIAN,Lemur-2-Finnian,SPIRE/LACU,5.0,0.4,0.1,0.4,Box,2026 Feb 16?,2026-09-14T10:15:15,563.8216390652324,97.5235,325.6576,0.0010721,15.00996672,3.764e-05,0.00029912,False
66785,25276DZ,LEMUR-2-VUKASIN,Lemur-2-Vukasin,SPIRE/LACU,5.0,0.4,0.1,0.4,Box,2026 Feb 19?,2026-09-14T15:28:16,563.848164531737,97.5038,325.6439,0.0005888,15.00988069,4.183e-05,0.00033218,False
66781,25276DV,LEMUR-2-CELIJO-SB-PK,Lemur-2-Celijo-SB-PK,SPIRE/LACU,5.0,0.4,0.1,0.4,Box,2026 Feb 16?,2026-09-14T22:23:10,564.1743223752219,97.51470000000002,325.7417,0.0001821,15.00882293,5.868e-05,0.00046549000000000004,False
66783,25276DX,LEMUR-2-STARLIGHT,Lemur-2 Starlight,SPIRE,7.6,0.3,0.1,1.0,Box+ 2 pan,2026 Feb 16?,2026-09-14T15:45:48,567.3919226126691,97.51410000000001,325.2502,0.0016477,14.998394610000002,4.441e-05,0.00036224,False
66784,25276DY,LEMUR-2-TARTIFLETTE,Lemur-2 Tartiflette,SPIRE,7.6,0.3,0.1,1.0,Box+ 2 pan,2026 Feb 16?,2026-09-14T15:43:31,567.4324150447337,97.5145,325.2582,0.0015238,14.998263450000001,3.682e-05,0.00030134,False
66786,25276EA,LEMUR-2-HOTSPUR-TOM,Lemur-2 Hotspur-Tom,SPIRE,7.6,0.3,0.1,1.0,Box+ 2 pan,2026 Feb 19?,2026-09-14T22:05:17,567.6399186911322,97.5132,325.4701,0.0015659,14.99759135,5.014e-05,0.00040930000000000003,False
67483,25276ED,ION SCV-021,ION Stellar Stephanus,DORBIT,150.0,0.4,0.4,0.4,Box,2025 Nov 28 2008:23,2026-09-14T15:04:57,572.8892151477139,97.51730000000002,324.8139,0.0009969,14.98060567,3.03e-06,3.0334e-05,False
66682,25276S,ION SCV-022,ION Galactic Georgius,DORBIT,150.0,0.4,0.4,0.4,Box,2025 Nov 28 2006:23,2026-09-14T10:15:21,572.9407043443443,97.5222,324.8986,0.0004202,14.980439220000001,6.9e-07,1.0546999999999999e-05,False
