norad,name,gcat_name,gcat_mass,massflag,bus,shape,n_tle,n_rejected,da_dt_km_day,fit_resid_km,alt_km,rho_kg_m3,cd_am,am,ratio_to_toro2_tumbling,closest_hyp,unknown
66667,PELICAN-5,Pelican 5,160.0,,Pelican,Box+2 pan,193,23,-0.5213683314628805,0.5414659726629907,500.91296876638717,6.049576583407452e-13,0.19050980380685453,0.08659536536675205,6.7812212648886545,最大面迎風（帆板+本體，手算）,False
66703,PELICAN-6,Pelican 6,160.0,,Pelican,Box+2 pan,239,15,-0.4886715569500423,1.144312625103339,498.00899322577027,6.369357861541303e-13,0.16965162754161392,0.07711437615527905,6.038771765648993,最大面迎風（帆板+本體，手算）,False
66747,(no current TLE),W-5,250.0,?,VW,Trunc cone,24,38,-0.44328374397618875,0.4004111045569516,492.1112635643773,7.081623629561419e-13,0.13825605083175013,0.06284365946897733,4.9212421259449,最大面迎風（帆板+本體，手算）,False
66787,LEMUR-2-MYRA,Lemur-2 Myra,5.0,,Cubesat 4U,Box,45,0,-0.07468933918478542,0.013711290205719706,572.4505082812606,1.9514917664450959e-13,0.0841788042789061,0.038263092854048227,2.996355495740002,最大面迎風（帆板+本體，手算）,False
66668,SARI-1,Sari 1,0.25,,PocketQube 1P,Box+2 ant,205,0,-0.1940003946056964,0.13356809148081084,503.94115969382904,5.612007605005148e-13,0.07640237895751395,0.034728354071597245,2.719552624179091,最大面迎風（帆板+本體，手算）,False
66781,LEMUR-2-CELIJO-SB-PK,Lemur-2-Celijo-SB-PK,5.0,,Cubesat 4U,Box,139,0,-0.06492824576035172,0.03404481343295629,573.5731141591448,1.9122827215616855e-13,0.07466693126338035,0.03393951421062743,2.6577791376057074,最大面迎風（帆板+本體，手算）,False
66783,LEMUR-2-STARLIGHT,Lemur-2 Starlight,7.6,,Cubesat 3U,Box+ 2 pan,55,0,-0.06315578692019533,0.01608493109142728,575.7742348333543,1.8605714624917275e-13,0.07463875814455612,0.03392670824752551,2.6567763117739047,最大面迎風（帆板+本體，手算）,False
66669,SARI-2,Sari 2,0.25,,PocketQube 1P,Box+2 ant,353,0,-0.18145436703662943,0.12161549895245116,503.9698339741047,5.609974719429905e-13,0.07148630804445977,0.032493776383845346,2.5445644401111376,最大面迎風（帆板+本體，手算）,False
66670,HUNITY,Hunity,0.75,,PocketQube 3P,Box+3 pan,236,2,-0.17802732048347414,0.1413338487436704,504.5749365319787,5.551481526462595e-13,0.07087071924642763,0.032213963293830736,2.522652476714886,最大面迎風（帆板+本體，手算）,False
66782,LEMUR-2-FINNIAN,Lemur-2-Finnian,5.0,,Cubesat 4U,Box,52,0,-0.06150445388616406,0.013040880933658627,571.6779729442603,1.9560095228065694e-13,0.06916042073173342,0.031436554878060644,2.4617741784572797,最大面迎風（帆板+本體，手算）,False
66785,LEMUR-2-VUKASIN,Lemur-2-Vukasin,5.0,,Cubesat 4U,Box,52,0,-0.05337126864421325,0.014432642137762741,571.5724213526579,1.968040149829526e-13,0.05964707380294411,0.027112306274065502,2.123145356188511,最大面迎風（帆板+本體，手算）,False
66786,LEMUR-2-HOTSPUR-TOM,Lemur-2 Hotspur-Tom,7.6,,Cubesat 3U,Box+ 2 pan,58,0,-0.0492761936509994,0.006994822287651914,575.7381571437124,1.8613546377551918e-13,0.058209887831567476,0.02645903992343976,2.0719885344609557,最大面迎風（帆板+本體，手算）,False
66748,UMBRA-11,Umbra-11,84.0,,Espasat?,Box + 2 Pan + Dish,282,0,-0.1490789183455999,0.10710351611169244,502.7776635550608,5.709513925352257e-13,0.05771213742394661,0.02623278973815755,2.054271043910245,最大面迎風（帆板+本體，手算）,False
66784,LEMUR-2-TARTIFLETTE,Lemur-2 Tartiflette,7.6,,Cubesat 3U,Box+ 2 pan,56,0,-0.04570114926184565,0.010713588352700754,575.7045908459132,1.861047040053443e-13,0.05399578491855658,0.0245435385993439,1.921986992728695,最大面迎風（帆板+本體，手算）,False
66681,TRANSPORTER-15 OBJECT R,CTC-1B,21.0,,Cubesat 16U,Box,268,0,-0.1210448967340345,0.09577257303226361,507.26227707320515,5.31319435517918e-13,0.05033799033623506,0.02288090469828866,1.7917873184411672,最大面迎風（帆板+本體，手算）,True
66673,TRANSPORTER-15 OBJECT H,TORO2,15.0,?,Cubesat 8U,Box,250,0,-0.10514641620738154,0.12367226369133277,509.0589946469672,5.155298230551848e-13,0.04506059064101922,0.020482086655008735,1.6039375893385281,CAD 最大投影（大面迎風）,True
66677,AE5RC,AE5RC,10.0,?,Cubesat 6U,Box+ 2 pan,257,0,-0.1052254595082848,0.08136091232063336,508.54736587432126,5.195653162741703e-13,0.04474512167512326,0.020338691670510573,1.5927084304333259,CAD 最大投影（大面迎風）,False
66685,AE5RA,AE5RA,10.0,?,Cubesat 6U,Box+ 2 pan,266,4,-0.1000286767252617,0.06296339190203071,508.48076408506483,5.20080312782096e-13,0.04249392552886567,0.01931542069493894,1.5125768105723636,CAD 最大投影（大面迎風）,False
66746,(no current TLE),Phasma-Dirac,5.0,,Cubesat 3U,Box,252,3,-0.10517908042231433,0.27220238261088525,505.4833466542079,5.471691495312371e-13,0.04247920511907569,0.019308729599579858,1.512052835669755,CAD 最大投影（大面迎風）,False
66720,FLOCK 4H-17,Flock 4h-17,5.7,,Cubesat 3U,Box+2 pan,262,0,-0.09353066093410688,0.24813724226578415,509.19696927403373,5.144296413994413e-13,0.04016674163174383,0.01825760983261083,1.4297403968281732,CAD 最大投影（大面迎風）,False
66693,AE5RB,AE5RB,10.0,?,Cubesat 6U,Box+ 2 pan,293,1,-0.08872066252156277,0.08318175080694346,508.3180875954351,5.215680381184054e-13,0.03758259681349699,0.01708299855158954,1.3377574256483102,CAD 最大投影（大面迎風）,False
66687,LEO EXPRESS 3,LEO Express 3,250.0,,Mira,Box,283,0,-0.0827521213501359,0.05265699866504292,511.95381943960194,4.95289629056831e-13,0.03690429184063379,0.016774678109378993,1.3136130718452743,CAD 最大投影（大面迎風）,False
66671,ANISCSAT-1,ANISCSAT,0.25,,PocketQube 1P,Box+2 ant,266,0,-0.08296751247353329,0.06142922984463439,510.6492244931893,5.010504307177243e-13,0.03657838278397497,0.01662653762907953,1.3020122965503962,翻滾 + 帆板展開（手算 表面積/4）,False
66714,FLOCK 4H-11,Flock 4h-11,5.7,,Cubesat 3U,Box+2 pan,278,0,-0.08194221625519571,0.08545546761206424,509.0159488065764,5.154218616725327e-13,0.03512341338108208,0.015965187900491853,1.2502224712631762,翻滾 + 帆板展開（手算 表面積/4）,False
66765,TRANSPORTER-15 OBJECT DD,WISDOM B,5.0,,Cubesat 3U,Box,278,0,-0.0838236056889616,0.15865232646228833,504.88937907810333,5.510526648527217e-13,0.03361709996220243,0.015280499982819287,1.1966050490435316,翻滾 + 帆板展開（手算 表面積/4）,True
66675,VEERY-0G,Veery-0G,1.0,,Cubesat 1U,Box,284,0,-0.07080059337514755,0.04807675990377902,511.67768002512565,4.933072835558306e-13,0.03170203964388348,0.014410018019947037,1.1284382277323564,翻滾 + 帆板展開（手算 表面積/4）,False
66741,BLACK KITE-1,Black Kite 1,15.0,?,Cubesat 8U,Box,82,5,-0.06626925138246928,0.023665519303904148,511.98483529621615,4.901990451301971e-13,0.029862828495288478,0.013574012952403852,1.0629712674906808,CAD 隨機翻滾平均投影（輪廓法）,False
66761,TRANSPORTER-15 OBJECT CZ,TRYAD 2,12.0,,Cubesat 6U,Box,281,0,-0.07138773171674045,0.06057402061924222,507.23743170820546,5.308029792756742e-13,0.02971638483976951,0.013507447654440684,1.0577585865101258,CAD 隨機翻滾平均投影（輪廓法）,True
66691,TRANSPORTER-15 OBJECT AB,TRYAD 1,12.0,,Cubesat 6U,Box,300,0,-0.06622082454125827,0.0588443739216018,511.0415275965737,4.982872286687942e-13,0.02935610618749777,0.013343684630680804,1.0449344209855658,CAD 隨機翻滾平均投影（輪廓法）,True
66696,IRIDE-MS1-EAGLET 2-2,IRIDE-MS1-Eaglet-2-2,25.0,,Eaglet,Box+2 pan,317,0,-0.06330025469602416,0.04946623900832492,511.57188044816996,4.942011590298853e-13,0.028292288918658502,0.012860131326662954,1.0070677068256877,CAD 隨機翻滾平均投影（輪廓法）,False
66701,IRIDE-MS1-EAGLET 2-7,IRIDE-MS1-Eaglet-2-7,25.0,,Eaglet,Box+2 pan,314,0,-0.06157923592256557,0.05063023794173205,511.8226826639214,4.919873538463282e-13,0.027646314943044956,0.012566506792293161,0.9840741790782321,CAD 隨機翻滾平均投影（輪廓法）,False
66697,IRIDE-MS1-EAGLET 2-3,IRIDE-MS1-Eaglet-2-3,25.0,,Eaglet,Box+2 pan,313,3,-0.06352584090107583,0.03776590373036015,509.5033722137443,5.118584138717424e-13,0.02741780672964658,0.012462639422566625,0.9759403994777355,CAD 隨機翻滾平均投影（輪廓法）,False
66777,LUNA-1,Luna-1,12.0,?,Cubesat 6U?,Box,259,3,-0.06704526943511277,0.01381200542073202,506.0850324612011,5.41598277871915e-13,0.027355001785474828,0.012434091720670375,0.973704849314714,CAD 隨機翻滾平均投影（輪廓法）,False
66700,IRIDE-MS1-EAGLET 2-6,IRIDE-MS1-Eaglet-2-6,25.0,,Eaglet,Box+2 pan,304,0,-0.062178692878215265,0.08736934578837463,509.0861399360505,5.150344036683323e-13,0.026671633644332983,0.012123469838333173,0.9493802713777345,CAD 隨機翻滾平均投影（輪廓法）,False
66743,NUSAT-47,Melina Furman,41.5,,Newsat V,Box,296,1,-0.057555589027504836,0.20419235478220799,511.2914360036615,4.967659974193464e-13,0.025592626515708723,0.011633012052594873,0.9109728721815676,CAD 隨機翻滾平均投影（輪廓法）,False
66678,OTTER SDM,Otter SDM,5.0,,Cubesat 3U,Box+ 2 pan,274,1,-0.05326871775144771,0.04419529702363434,513.2249196999732,4.817752489358186e-13,0.024419665556292745,0.011099847980133064,0.8692211741485363,CAD 隨機翻滾平均投影（輪廓法）,False
66694,YAM-9,YAM-9,150.0,?,ARROW,Trapezoid+2 pan,245,47,-0.04230899900589645,0.020251670603101957,526.812828261736,3.8823651837518896e-13,0.024045569191627838,0.010929804178012653,0.8559051653527101,CAD 隨機翻滾平均投影（輪廓法）,False
66756,MAUVE,MAUVE,24.0,,Cubesat 16U,Box+2 pan,286,0,-0.05354410025308171,0.031595649112659885,510.5672966591689,5.030010618887799e-13,0.02351480891346069,0.010688549506118495,0.8370126841630582,CAD 隨機翻滾平均投影（輪廓法）,False
66723,FLOCK 4H-20,Flock 4h-20,5.7,,Cubesat 3U,Box+2 pan,284,0,-0.053943994663295886,0.04771418156678919,508.8956366148544,5.157879150958143e-13,0.023106114495896765,0.010502779316316711,0.8224651531707132,CAD 隨機翻滾平均投影（輪廓法）,False
66725,FLOCK 4H-22,Flock 4h-22,5.7,,Cubesat 3U,Box+2 pan,283,0,-0.05125371209040609,0.03938419685255212,511.75811446858097,4.927947425845214e-13,0.022973289561460403,0.010442404346118364,0.8177372323398227,CAD 隨機翻滾平均投影（輪廓法）,False
66699,IRIDE-MS1-EAGLET 2-5,IRIDE-MS1-Eaglet-2-5,25.0,,Eaglet,Box+2 pan,255,0,-0.05100711363435784,0.0447567810979308,511.9250137152029,4.909844998319896e-13,0.022946705905603857,0.010430320866183571,0.8167909836492532,CAD 隨機翻滾平均投影（輪廓法）,False
66711,FLOCK 4H-8,Flock 4h-8,5.7,,Cubesat 3U,Box+2 pan,279,0,-0.05085891253229297,0.04091545490882709,511.8028082386062,4.923187847616391e-13,0.022818198803323544,0.010371908546965247,0.8122167566160031,CAD 隨機翻滾平均投影（輪廓法）,False
66719,FLOCK 4H-16,Flock 4h-16,5.7,,Cubesat 3U,Box+2 pan,286,0,-0.050063898834615345,0.03904172498823755,512.7195797703189,4.850980767441977e-13,0.022794179259423564,0.010360990572465256,0.8113617778242943,CAD 隨機翻滾平均投影（輪廓法）,False
66731,FLOCK 4H-28,Flock 4h-28,5.7,,Cubesat 3U,Box+2 pan,272,0,-0.049666620100384314,0.04171074390706053,513.073295101988,4.818886686920226e-13,0.02276347667799795,0.010347034853635431,0.8102689154419392,CAD 隨機翻滾平均投影（輪廓法）,False
66721,FLOCK 4H-18,Flock 4h-18,5.7,,Cubesat 3U,Box+2 pan,288,0,-0.049672643969802505,0.045002332589774596,512.8129752029042,4.840954897304292e-13,0.0226629074713432,0.010301321577883271,0.8066891414401162,CAD 隨機翻滾平均投影（輪廓法）,False
66705,FLOCK 4H-2,Flock 4h-2,5.7,,Cubesat 3U,Box+2 pan,272,0,-0.052168526798652665,0.037412734716781415,509.66854346726876,5.102533502958361e-13,0.022586534601771274,0.01026660663716876,0.8039706392063584,CAD 隨機翻滾平均投影（輪廓法）,False
66726,FLOCK 4H-23,Flock 4h-23,5.7,,Cubesat 3U,Box+2 pan,290,0,-0.04928318835731607,0.03923626062123731,512.799669229486,4.843364674286294e-13,0.022473905726121596,0.010215411693691634,0.7999615997168714,CAD 隨機翻滾平均投影（輪廓法）,False
66733,FLOCK 4H-30,Flock 4h-30,5.7,,Cubesat 3U,Box+2 pan,274,0,-0.049492941693464756,0.040401189092790446,512.5765646902939,4.864195421244489e-13,0.022473254810903825,0.010215115823138101,0.7999384303049661,CAD 隨機翻滾平均投影（輪廓法）,False
66710,FLOCK 4H-7,Flock 4h-7,5.7,,Cubesat 3U,Box+2 pan,280,0,-0.049938108565314956,0.03203734954513493,511.9712305988375,4.911236365145435e-13,0.02245927772961411,0.010208762604370048,0.7994409142770823,CAD 隨機翻滾平均投影（輪廓法）,False
66713,FLOCK 4H-10,Flock 4h-10,5.7,,Cubesat 3U,Box+2 pan,212,0,-0.04937043708069479,0.04406647537507524,512.5213798547054,4.867968386442052e-13,0.022400651794575777,0.010182114452079899,0.7973541164881405,CAD 隨機翻滾平均投影（輪廓法）,False
66698,IRIDE-MS1-EAGLET 2-4,IRIDE-MS1-Eaglet-2-4,25.0,,Eaglet,Box+2 pan,314,0,-0.04927862402721372,0.0413222516190217,512.5419535068241,4.868442976625851e-13,0.02235648264419211,0.010162037565541867,0.7957819098307998,CAD 隨機翻滾平均投影（輪廓法）,False
66702,IRIDE-MS1-EAGLET 2-8,IRIDE-MS1-Eaglet-2-8,25.0,,Eaglet,Box+2 pan,302,2,-0.04973182824897261,0.0530163654448188,511.84645712760465,4.915763640087794e-13,0.022346101984110262,0.010157319083686483,0.795412408883951,CAD 隨機翻滾平均投影（輪廓法）,False
66717,FLOCK 4H-14,Flock 4h-14,5.7,,Cubesat 3U,Box+2 pan,269,0,-0.05171266659317556,0.04030362582307134,509.0654059271129,5.144976706690682e-13,0.02220553847876973,0.010093426581258967,0.790409032614408,CAD 隨機翻滾平均投影（輪廓法）,False
66759,TRANSPORTER-15 OBJECT CX,Phasma-Lamarr,5.0,,Cubesat 3U,Box,264,0,-0.051396960384667505,0.03837539736605322,509.36932525047695,5.126577407568185e-13,0.022148574148707734,0.01006753370395806,0.7883813798708874,CAD 隨機翻滾平均投影（輪廓法）,True
66707,FLOCK 4H-4,Flock 4h-4,5.7,,Cubesat 3U,Box+2 pan,259,0,-0.048327262707699076,0.03653745722658641,512.8459198713475,4.838317689821432e-13,0.022060923832194972,0.010027692650997714,0.7852614554453016,CAD 隨機翻滾平均投影（輪廓法）,False
66727,FLOCK 4H-24,Flock 4h-24,5.7,,Cubesat 3U,Box+2 pan,268,0,-0.04861167185490213,0.040762131852716266,512.4947299689081,4.873090715988691e-13,0.022032933073462123,0.010014969578846419,0.7842651207446896,CAD 隨機翻滾平均投影（輪廓法）,False
66740,NUSAT-51 (YVONNE BRILL),Beatrice Tinsley,41.5,,Newsat V,Box,287,2,-0.04914976389367018,0.06058095184289414,511.62687817079825,4.931146426228237e-13,0.02201664976723144,0.01000756807601429,0.7836855143398341,CAD 隨機翻滾平均投影（輪廓法）,False
66718,FLOCK 4H-15,Flock 4h-15,5.7,,Cubesat 3U,Box+2 pan,273,0,-0.04789982244043367,0.03822354459862254,513.2000012947425,4.810403955615813e-13,0.021992189818569274,0.009996449917531488,0.7828148592832884,CAD 隨機翻滾平均投影（輪廓法）,False
66732,FLOCK 4H-29,Flock 4h-29,5.7,,Cubesat 3U,Box+2 pan,277,0,-0.04812538222117021,0.03766599278060312,512.7208343890738,4.853981809009032e-13,0.02189810323885454,0.009953683290388426,0.7794658352312295,CAD 隨機翻滾平均投影（輪廓法）,False
66735,FLOCK 4H-32,Flock 4h-32,5.7,,Cubesat 3U,Box+2 pan,273,0,-0.047982541341534624,0.03777909699056181,512.7249788994686,4.849714335249071e-13,0.021852337091572787,0.009932880496169447,0.7778367832614227,CAD 隨機翻滾平均投影（輪廓法）,False
66734,FLOCK 4H-31,Flock 4h-31,5.7,,Cubesat 3U,Box+2 pan,282,0,-0.047495503736200484,0.03943189680285286,512.9709760916015,4.8289001414462e-13,0.02172337410370191,0.00987426095622814,0.7732463289212345,CAD 隨機翻滾平均投影（輪廓法）,False
66706,FLOCK 4H-3,Flock 4h-3,5.7,,Cubesat 3U,Box+2 pan,276,0,-0.04779688712266343,0.037169469615491835,512.105231867122,4.898635254392377e-13,0.021551334893760904,0.009796061315345864,0.767122570849291,CAD 隨機翻滾平均投影（輪廓法）,False
66775,PHI 1,PHI-1,20.0,?,Cubesat 12U,Box,285,0,-0.05067212090879878,0.03226694663408125,508.2856384517876,5.214503519227919e-13,0.021469809903187417,0.009759004501448825,0.7642206781978386,CAD 隨機翻滾平均投影（輪廓法）,False
66729,FLOCK 4H-26,Flock 4h-26,5.7,,Cubesat 3U,Box+2 pan,263,0,-0.04653951388092837,0.031291040139876714,513.1082446216279,4.815726493465092e-13,0.021344223931667815,0.009701919968939914,0.7597504291942553,CAD 隨機翻滾平均投影（輪廓法）,False
66736,FLOCK 4H-33,Flock 4h-33,5.7,,Cubesat 3U,Box+2 pan,262,0,-0.049576142605703685,0.0394518177390637,509.1691211318224,5.137633557105852e-13,0.021318341207189298,0.009690155094176953,0.758829130247326,CAD 隨機翻滾平均投影（輪廓法）,False
66772,IHI-SAT2,IHI-SAT-2,12.0,,Cubesat 6U,Box,271,0,-0.05022506001802726,0.03384547775021929,507.8973504419076,5.252515503049375e-13,0.021127060778296652,0.009603209444680296,0.7520204784821974,CAD 隨機翻滾平均投影（輪廓法）,False
66695,IRIDE-MS1-EAGLET 2-1,IRIDE-MS1-Eaglet-2-1,25.0,,Eaglet,Box+2 pan,307,0,-0.04878980456643805,0.04952033963672875,509.24868943427634,5.132987050269365e-13,0.020999109961955965,0.009545049982707256,0.7474660525193793,CAD 隨機翻滾平均投影（輪廓法）,False
66712,FLOCK 4H-9,Flock 4h-9,5.7,,Cubesat 3U,Box+2 pan,283,0,-0.04680704435528086,0.027226895737840096,510.730597719444,5.013378015731307e-13,0.020624050673145093,0.009374568487793224,0.734115768313235,CAD 隨機翻滾平均投影（輪廓法）,False
66739,FLOCK 4H-36,Flock 4h-36,5.7,,Cubesat 3U,Box+2 pan,280,0,-0.0463840057883039,0.03668629294179482,510.5569145779423,5.028095965370855e-13,0.020378083130987542,0.00926276505953979,0.7253605216329002,CAD 隨機翻滾平均投影（輪廓法）,False
66774,GENA-OT,Gena-OT-1,15.0,?,Cubesat 12U,Box+2 pan,275,4,-0.047860415154703406,0.03475795348185784,508.55336584436475,5.190948306265058e-13,0.020370204866110925,0.00925918403005042,0.7250800937691149,CAD 隨機翻滾平均投影（輪廓法）,False
66686,LEMUR-2-STAS-GORBUK,Lemur-2 Stas-Gorbuk,7.6,,Cubesat 3U,Box+ 2 pan,277,0,-0.04406207549730055,0.0333920378016046,513.5392029946312,4.787300104665097e-13,0.02032735463798739,0.00923970665363063,0.7235548343213057,CAD 隨機翻滾平均投影（輪廓法）,False
66704,FLOCK 4H-1,Flock 4h-1,5.7,,Cubesat 3U,Box+2 pan,272,0,-0.04624383840678118,0.03903090834182876,510.1108159043706,5.064594191392319e-13,0.020170748543198863,0.009168522065090392,0.7179804199921209,CAD 隨機翻滾平均投影（輪廓法）,False
66738,FLOCK 4H-35,Flock 4h-35,5.7,,Cubesat 3U,Box+2 pan,278,0,-0.046357842279915955,0.04229582932975973,509.7550097821157,5.096329046818322e-13,0.020095137487505972,0.009134153403411805,0.7152890346225514,CAD 隨機翻滾平均投影（輪廓法）,False
66728,FLOCK 4H-25,Flock 4h-25,5.7,,Cubesat 3U,Box+2 pan,279,0,-0.04617622719617168,0.0468162829092762,509.7656403649472,5.096991755916255e-13,0.020013810315980023,0.009097186507263646,0.7123941833658459,CAD 隨機翻滾平均投影（輪廓法）,False
66716,FLOCK 4H-13,Flock 4h-13,5.7,,Cubesat 3U,Box+2 pan,265,0,-0.04595445379279066,0.03990017855903716,509.7546752464274,5.096967030440556e-13,0.019917759426112798,0.009053527011869452,0.7089752394382175,CAD 隨機翻滾平均投影（輪廓法）,False
66708,FLOCK 4H-5,Flock 4h-5,5.7,,Cubesat 3U,Box+2 pan,282,0,-0.04564876641007973,0.05491299090863322,509.99419263687287,5.076868238373264e-13,0.01986315294477292,0.00902870588398769,0.7070315146268785,CAD 隨機翻滾平均投影（輪廓法）,False
66749,PIAST-S1,PIAST-S1,12.0,,Cubesat 6U,Box,288,0,-0.044594118064455734,0.03582291411021288,510.8188144304425,5.00706299344953e-13,0.019673687555308364,0.008942585252412892,0.7002874694264538,翻滾、帆板未展開,False
66692,NUSAT-52,Yvonne Brill,41.5,,Newsat V,Box,290,0,-0.043388877240462864,0.03621852840115025,512.3372133669129,4.883292554105177e-13,0.019624904463523805,0.008920411119783547,0.6985510289243585,翻滾、帆板未展開,False
66757,PIAST-S2,PIAST-S2,12.0,,Cubesat 6U,Box,290,0,-0.044945996747107954,0.033221173017409455,510.15986898173594,5.061295761961181e-13,0.01961741270527301,0.008917005775124096,0.6982843588142302,翻滾、帆板未展開,False
66715,FLOCK 4H-12,Flock 4h-12,5.7,,Cubesat 3U,Box+2 pan,273,0,-0.044286836448694356,0.03285824273552862,510.3980001759737,5.03978855960299e-13,0.019411803295073145,0.008823546952305973,0.6909656650942885,翻滾、帆板未展開,False
66754,ICEYE-X61,MikroSAR,120.0,,ICEYE,Box + pan,278,0,-0.0433678252257014,0.15676637737442434,511.5979181815098,4.94147560533796e-13,0.019385388037690507,0.008811540017132047,0.6900254105693179,翻滾、帆板未展開,False
66768,LEMUR-2-TEODOR,Lemur-2 Teodor,7.6,,Cubesat 3U,Box+ 2 pan,272,0,-0.04541881279018334,0.03845609803420302,508.5687965445526,5.187886720614841e-13,0.019342266758703913,0.008791939435774505,0.6884905030307561,翻滾、帆板未展開,False
66730,FLOCK 4H-27,Flock 4h-27,5.7,,Cubesat 3U,Box+2 pan,258,0,-0.04402729891024754,0.031198299662719364,510.406446417225,5.041026492268874e-13,0.019293338708063802,0.008769699412756272,0.6867489026993282,翻滾、帆板未展開,False
66680,LEMUR-2-DEANANDMAEVE,Lemur-2 DeanAndMeave,7.6,,Cubesat 3U,Box+ 2 pan,260,1,-0.041872414972169564,0.035551003055843466,513.4029485209163,4.793828831811478e-13,0.019290271335812476,0.008768305152642033,0.6866397191847669,翻滾、帆板未展開,False
66676,TRANSPORTER-15 OBJECT L,HCT-SAT2,1.0,,Cubesat 1U,Box,245,0,-0.04122758133212591,0.027930293445933785,514.2591341550876,4.726150322960712e-13,0.01926481036465792,0.008756731983935418,0.685733432602303,翻滾、帆板未展開,True
66776,LEMUR-2-LAILA,Lemur-2 Laila,7.6,,Cubesat 3U,Box+ 2 pan,272,1,-0.0457109065060102,0.02934968091585688,507.9790039097159,5.244275816124473e-13,0.01925822659847503,0.008753739362943195,0.6854990825880237,翻滾、帆板未展開,False
66766,T.MICROSAT-1,Bellbird-1,15.0,?,Cubesat 8U,Box,266,6,-0.04471487339306392,0.026931069738566293,509.23015436600616,5.13233126625025e-13,0.01924780654774199,0.008749002976246359,0.6851281795258184,翻滾、帆板未展開,False
66709,FLOCK 4H-6,Flock 4h-6,5.7,,Cubesat 3U,Box+2 pan,276,0,-0.04332899650548921,0.033244612738599244,510.9479933214792,4.997076121857158e-13,0.01915353119749584,0.008706150544316291,0.6817724361621217,翻滾、帆板未展開,False
66724,FLOCK 4H-21,Flock 4h-21,5.7,,Cubesat 3U,Box+2 pan,264,0,-0.044126338486137055,0.04645678149154264,509.28579751104223,5.125743544845668e-13,0.019018737675223978,0.008644880761465443,0.6769744431909782,翻滾、帆板未展開,False
66778,FORESAIL-1 PRIME,Foresail-1 Prime,4.0,,Cubesat 3U,Box,274,0,-0.04026709221763723,0.03159779879024427,515.0411441919338,4.680359580384892e-13,0.018998948126117757,0.008635885511871708,0.6762700316145656,翻滾、帆板未展開,False
66688,WISDOM A,WISDOM A,5.0,,Cubesat 3U,Box,261,6,-0.041153179231205976,0.029538030506955693,513.4045533751603,4.792144302533896e-13,0.018966372239202393,0.00862107829054654,0.6751104886794573,翻滾、帆板未展開,False
66737,FLOCK 4H-34,Flock 4h-34,5.7,,Cubesat 3U,Box+2 pan,275,0,-0.04330812885206992,0.03292126448559429,510.2573207985333,5.053299590240383e-13,0.01893221370954382,0.00860555168615628,0.6738946113698944,翻滾、帆板未展開,False
66722,FLOCK 4H-19,Flock 4h-19,5.7,,Cubesat 3U,Box+2 pan,270,0,-0.04196547053960127,0.028264801778732362,508.4500378335165,5.196535780427907e-13,0.017842094417351406,0.008110042916977912,0.6350916732650651,翻滾、帆板未展開,False
66758,PIAST-M,PIAST-M,12.0,,Cubesat 6U,Box,287,2,-0.040344249190740485,0.02569225989645929,510.5242758996651,5.03025482443337e-13,0.017717147713362396,0.00805324896061927,0.6306441790724457,翻滾、帆板未展開,False
66771,GYEONGGISAT-1,Gyeonggisat-1,25.0,?,Cubesat 16U,Box,282,2,-0.03985365344461904,0.0357785635660548,509.3011130913959,5.125482736389174e-13,0.017178011299520214,0.00780818695432737,0.6114535482431316,翻滾、帆板未展開,False
66690,TRANSPORTER-15 OBJECT AA,SPiN 2,5.0,,Cubesat 3U,Box,257,0,-0.03704339170221213,0.027653467459458625,513.7576397071716,4.768520313618414e-13,0.017156362815424476,0.007798346734283852,0.6106829676337922,翻滾、帆板未展開,True
66760,TRANSPORTER-15 OBJECT CY,PW-6U,12.0,,Cubesat 6U,Box,259,0,-0.03911496355452405,0.027112761307762412,510.2323152142911,5.056793136757207e-13,0.017087415141008335,0.007767006882276516,0.6082287661881313,翻滾、帆板未展開,True
66769,SPEQTRE,Speqtre,20.0,?,Cubesat 12U,Box,280,0,-0.03938587075047932,0.027070451320469147,509.5607628777756,5.106349342958916e-13,0.017039717053123567,0.007745325933237984,0.6065309465410823,翻滾、帆板未展開,False
66773,TRANSPORTER-15 OBJECT DM,CTC-1A,21.0,,Cubesat 16U,Box,271,4,-0.03763906552783286,0.023027018013635825,509.3326816149358,5.12331331460698e-13,0.016230282176887614,0.007377400989494369,0.5777190067585047,翻滾、帆板未展開,True
66742,MERCURY ONE (M1),Mercury One,50.0,,M1,Box,288,2,-0.03453215081337156,0.026502160959807952,511.72553540425196,4.931653499103143e-13,0.015466454004802448,0.007030206365819294,0.5505304435467326,翻滾、帆板未展開,False
66762,HYDROGNSS-1,HydroGNSS-1,65.0,,SSTL-21,Box +3 pan,238,52,-0.0324455655290346,0.027036066236178158,515.0759617346955,4.679280287931034e-13,0.015313155210688914,0.006960525095767688,0.5450737530155807,翻滾、帆板未展開,False
66750,TRANSPORTER-15 OBJECT CN,CTC-1C,21.0,,Cubesat 16U,Box,271,0,-0.03415361673555861,0.023724011366539344,511.0305814485678,4.989605564752503e-13,0.015120064682310154,0.006872756673777342,0.5382006705236259,翻滾、帆板未展開,True
66684,MICE-1,MICE-1,5.0,,Cubesat 3U,Box,265,0,-0.03173737298379118,0.02539034369874571,512.806761216068,4.843989590343668e-13,0.014470879985197556,0.0065776727205443435,0.5150928567264766,翻滾、帆板未展開,False
66751,ICEYE-X58,ICEYE-X58,120.0,,ICEYE,Box + pan,290,0,-0.03166732042252395,0.025152550424536457,512.0115389707573,4.906079795482533e-13,0.014257005879750543,0.006480457218068428,0.5074799801034093,翻滾、帆板未展開,False
66780,FOSSASAT-2E24,WISESAT-7,4.0,,Cubesat 3U,Box + 2 pan,237,3,-0.028154314354245785,0.013621617869830516,513.4124109255956,4.809822703234263e-13,0.01292798340016571,0.005876356090984413,0.4601732519456669,翻滾、帆板未展開,False
66753,ICEYE-X60,ICEYE SAR-2,120.0,,ICEYE,Box + pan,244,14,-0.027484622336931445,0.046695059738340206,514.5005166588409,4.715145014588742e-13,0.01287316611718727,0.005851439144176031,0.4582220236225635,翻滾、帆板未展開,False
66767,ACCENTURE-1,Accenture-1,12.0,,Cubesat 6U,Box,294,0,-0.029404967317437643,0.026612056853082322,510.3541208900747,5.048472571790202e-13,0.012866667145758922,0.005848485066254055,0.45799069188860975,翻滾、帆板未展開,False
66674,BRO-20,BRO-20,15.0,?,Cubesat 8U,Box,254,1,-0.02689066231431643,0.014079166877763782,515.5562382626838,4.634623227123031e-13,0.012812294090894837,0.005823770041315834,0.4560552759230613,翻滾、帆板未展開,False
66679,LILIUM-2,Lilium 2,12.0,,Cubesat 6U,Box,257,0,-0.02511619602471147,0.018320503412724065,515.767639519125,4.620763759132135e-13,0.012002570763388967,0.005455713983358621,0.4272330686799838,翻滾、帆板未展開,False
66672,BRO-17,BRO-17,15.0,?,Cubesat 8U,Box,259,0,-0.024851328081743375,0.010121291020368517,516.0633208851083,4.602499481036505e-13,0.011922845378692037,0.005419475172132744,0.42439523323395933,翻滾、帆板未展開,False
66683,6GSTARLAB,6GStarLab,12.0,,Cubesat 6U,Box+2 pan,275,0,-0.024281642651954986,0.019221148135329713,514.5617893671222,4.701111444504242e-13,0.011406453624156295,0.00518475164734377,0.4060142015132971,翻滾、帆板未展開,False
66779,FOSSASAT-2E22,WISESAT-5,4.0,,Cubesat 3U,Box + 2 pan,227,3,-0.02315352887701637,0.05832467178697698,514.6845516202898,4.711871851408388e-13,0.010851731368712056,0.004932605167596389,0.3862687906233714,翻滾、帆板未展開,False
66764,NAHLA,Nahla,200.0,?,VSP-150,Box + 2 pan,283,1,-0.02242126741970109,0.015646631472009176,512.9732288023456,4.839197216331314e-13,0.010233249641349928,0.004651477109704512,0.36425385303105084,CAD 最小投影,False
66770,LILIUM-3,Lilium 3,12.0,,Cubesat 6U,Box,255,9,-0.021265964592790003,0.021540253245802887,510.88473846543667,5.002026775712543e-13,0.009391346268161379,0.004268793758255172,0.3342861928730687,CAD 最小投影,False
66745,AC1-002,AC1-002,140.0,,P10,Trunc pyramid,294,0,-0.01965208978675051,0.013762465640411392,513.9198749138876,4.757113593612904e-13,0.009123412299961527,0.004147005590891603,0.32474904839842056,CAD 最小投影,False
66689,AC1-003,AC1-003,140.0,,P10,Trunc pyramid,298,1,-0.01928422254206506,0.01565181758996914,514.5292518937871,4.707451671796673e-13,0.009046691458177256,0.004112132480989661,0.3220181600484692,CAD 最小投影,False
66744,AC1-001,AC1-001,140.0,,P10,Trunc pyramid,283,0,-0.019396910053283804,0.017433248841371096,514.1734248748292,4.737807947730282e-13,0.009041463943176288,0.004109756337807404,0.3218320859715518,CAD 最小投影,False
66682,ION SCV-022,ION Galactic Georgius,150.0,,ION-SC,Box,165,108,-0.004368888425775007,0.019306235751173517,576.0921073558318,1.8362532088483792e-13,0.0052307183207789916,0.0023775992367177233,0.18618809950311302,受控、最小面迎風,False
66763,HYDROGNSS-2,HydroGNSS-2,65.0,,SSTL-21,Box +3 pan,215,65,-0.002479343888367263,0.21508893448481103,514.170007088932,4.744880851628279e-13,0.0011539470615628464,0.0005245213916194756,0.04107489586393769,受控、最小面迎風,False
66752,ICEYE-X59,ICEYE SAR-1,120.0,,ICEYE,Box + pan,140,88,0.005473137539096458,0.3480684165792809,522.2358474941859,4.1657124051984393e-13,-0.002900263441510717,-0.0013183015643230532,-0.10323525472364167,受控、最小面迎風,False
66666,FORMOSAT-8A,Formosat-8A,380.0,,FS8,Box + 2 pan,291,1,0.030849403095278907,0.3756683847959721,564.2999995375008,2.171542435418728e-13,-0.03125931587860767,-0.014208779944821667,-1.112679417678656,受控、最小面迎風,False
66755,ICEYE-X62,ICEYE-X62,120.0,,ICEYE,Box + pan,230,65,0.25399916968822916,3.046752191316955,520.4594095776752,4.2855249609254207e-13,-0.13083420088275086,-0.05947009131034129,-4.657060410918874,受控、最小面迎風,False
