u0,rel1,rate,a1,norad,piece,name,gcat_name,sep,pred_sep,gcat_sep_resid_deg,mass,length,unknown,outlier
-57.016686634616086,-42.768747300150615,-0.8286644150789297,6892.786643989484,66670,E,HUNITY,Hunity,2025-11-28T19:39:48,2025-11-28T16:25:01,-52.90079777269535,0.75,0.178,False,False
-47.63377545092753,53.036355796981354,3.500698420136839,6888.900255949232,66748,CL,UMBRA-11,Umbra-11,2025-11-28T20:04:53,2025-11-28T16:59:34,-50.33065495486679,84.0,0.8,False,False
-37.58400283653828,-17.25555401557307,-0.44714022434462003,6892.053110088242,66681,R,TRANSPORTER-15 OBJECT R,CTC-1B,2025-11-28T19:43:35,2025-11-28T17:36:34,-34.49568767498314,21.0,0.4,True,False
-28.64335228692701,-10.405119445341711,-0.5239461484220401,6891.933864083657,66685,V,AE5RA,AE5RA,2025-11-28T19:46:12,2025-11-28T18:09:29,-26.265737878488157,10.0,0.3,False,False
-28.601866006115454,0.0,0.0,6891.467945693017,66693,AD,AE5RB,AE5RB,2025-11-28T19:46:43,2025-11-28T18:09:38,-26.364581045744153,10.0,0.3,False,False
-27.296206804062113,-35.777190711426044,-1.6102054603887823,6892.9201818094025,66673,H,TRANSPORTER-15 OBJECT H,TORO2,2025-11-28T19:39:09,2025-11-28T18:14:27,-23.00377444295962,15.0,0.4,True,False
-25.80362652935904,-7.494913661189458,-0.4989801160561311,6891.842053019625,66677,M,AE5RC,AE5RC,2025-11-28T19:42:46,2025-11-28T18:19:56,-22.493500304729384,10.0,0.3,False,False
-22.571040010421324,12.602265572458464,0.3876074713774263,6890.875556269131,66714,BA,FLOCK 4H-11,Flock 4h-11,2025-11-28T20:03:11,2025-11-28T18:31:51,-24.80619036265446,5.7,0.3,False,False
-22.369297110180078,85.81821170965054,3.9584203057558596,6888.0683531291415,66765,DD,TRANSPORTER-15 OBJECT DD,WISDOM B,2025-11-28T19:42:55,2025-11-28T18:32:35,-19.099911693053905,5.0,0.3,True,False
-19.328260097004403,-30.26620026458619,-1.9270694403137383,6892.94946127862,66671,F,ANISCSAT-1,ANISCSAT,2025-11-28T19:39:48,2025-11-28T18:43:47,-15.212371235083666,0.25,0.05,False,False
-16.66451416609541,102.19247976163877,4.514897156490719,6887.481685145495,66777,DR,LUNA-1,Luna-1,2025-11-28T19:40:26,2025-11-28T18:53:35,-12.720642046967152,12.0,0.3,False,False
-14.943131789393394,-15.523111065584258,-1.3691872707122668,6892.400775848577,66684,U,MICE-1,MICE-1,2025-11-28T19:41:24,2025-11-28T18:59:56,-11.261811540843128,5.0,0.3,False,False
-14.86865527116663,70.96772610799775,2.8881853957043964,6888.809671028625,66761,CZ,TRANSPORTER-15 OBJECT CZ,TRYAD 2,2025-11-28T19:39:34,2025-11-28T19:00:12,-10.689391819796032,12.0,0.3,True,False
-12.546926270098343,62.67927972043839,2.3085760617891866,6889.456606851355,66722,BJ,FLOCK 4H-19,Flock 4h-19,2025-11-28T19:53:26,2025-11-28T19:08:45,-12.133924134605165,5.7,0.3,False,False
-12.147724887624523,-12.503287385358249,-1.3729195437233948,6892.354745562389,66691,AB,TRANSPORTER-15 OBJECT AB,TRYAD 1,2025-11-28T19:41:10,2025-11-28T19:10:13,-8.403030049624396,12.0,0.3,True,False
-8.089233889244742,-48.992526457417,-3.4082142052130693,6894.189892596289,66687,X,LEO EXPRESS 3,LEO Express 3,2025-11-28T20:03:45,2025-11-28T19:25:10,-10.478293958713252,250.0,0.9,False,False
-7.109907117612639,90.2959845616079,3.493730658710265,6888.13911039343,66772,DL,IHI-SAT2,IHI-SAT-2,2025-11-28T19:39:19,2025-11-28T19:28:46,-2.862742320402905,12.0,0.3,False,False
-6.12013165826874,55.68798078157164,1.7518159512222768,6889.546477869101,66700,AL,IRIDE-MS1-EAGLET 2-6,IRIDE-MS1-Eaglet-2-6,2025-11-28T19:45:37,2025-11-28T19:32:25,-3.584080776205237,25.0,0.6,False,False
-6.0117760786072125,58.083551726229025,1.8690119758473498,6889.4433651464615,66695,AF,IRIDE-MS1-EAGLET 2-1,IRIDE-MS1-Eaglet-2-1,2025-11-28T19:44:42,2025-11-28T19:32:49,-3.2267535951335438,25.0,0.6,False,False
-5.717729361695717,10.120641550510697,-0.54403223890982,6891.562529699786,66694,AE,YAM-9,YAM-9,2025-11-28T20:04:45,2025-11-28T19:33:54,-8.378394814520771,150.0,1.3,False,False
-5.091629450424602,92.59422334796488,3.5106752470474527,6888.105427894722,66776,DQ,LEMUR-2-LAILA,Lemur-2 Laila,2025-11-28T19:39:41,2025-11-28T19:36:12,-0.9440532937789339,7.6,0.3,False,False
-4.7606045251624955,-4.383878742707054,-1.2890556614463022,6892.05401853367,66699,AK,IRIDE-MS1-EAGLET 2-5,IRIDE-MS1-Eaglet-2-5,2025-11-28T19:44:52,2025-11-28T19:37:25,-2.020849605581584,25.0,0.6,False,False
-4.725545941614943,51.38784898328254,1.4647198948644953,6889.7666812086345,66705,AR,FLOCK 4H-2,Flock 4h-2,2025-11-28T19:49:59,2025-11-28T19:37:33,-3.3755052335416855,5.7,0.3,False,False
-4.476978520020765,80.57444379726968,2.8867151590148503,6888.622062127229,66768,DG,LEMUR-2-TEODOR,Lemur-2 Teodor,2025-11-28T19:40:07,2025-11-28T19:38:28,-0.4470980294962663,7.6,0.3,False,False
-4.1363391673056285,67.3182354212704,2.2313842635540553,6889.084568510004,66724,BL,FLOCK 4H-21,Flock 4h-21,2025-11-28T19:57:11,2025-11-28T19:39:43,-4.741857219399494,5.7,0.3,False,False
-4.105030973552086,-4.471185552902796,-1.3177546951433223,6892.0710398282035,66701,AM,IRIDE-MS1-EAGLET 2-7,IRIDE-MS1-Eaglet-2-7,2025-11-28T19:47:24,2025-11-28T19:39:50,-2.0533430251410882,25.0,0.6,False,False
-4.057721017215449,65.19317815612959,2.1054447354856953,6889.2775482059005,66723,BK,FLOCK 4H-20,Flock 4h-20,2025-11-28T19:53:57,2025-11-28T19:40:00,-3.7850483297898196,5.7,0.3,False,False
-4.006566766155387,-3.6547050670394583,-1.2839077662132368,6892.049279479976,66702,AN,IRIDE-MS1-EAGLET 2-8,IRIDE-MS1-Eaglet-2-8,2025-11-28T19:46:51,2025-11-28T19:40:12,-1.8054958568982897,25.0,0.6,False,False
-3.827789955393232,58.603756790737926,1.7696596622380887,6889.545095262406,66759,CX,TRANSPORTER-15 OBJECT CX,Phasma-Lamarr,2025-11-28T19:42:14,2025-11-28T19:40:51,-0.3728075263067532,5.0,0.3,True,False
-3.707779760378088,67.55808753543624,2.216326439981219,6889.117567246493,66717,BD,FLOCK 4H-14,Flock 4h-14,2025-11-28T19:42:28,2025-11-28T19:41:18,-0.31617192074146905,5.7,0.3,False,False
-3.6422772664056033,52.991016436274435,1.504940133705389,6889.7023810555065,66697,AH,IRIDE-MS1-EAGLET 2-3,IRIDE-MS1-Eaglet-2-3,2025-11-28T19:45:27,2025-11-28T19:41:32,-1.0609588204493434,25.0,0.6,False,False
-3.4898333599255444,-1.2179111905434183,-1.1905972521471122,6891.95094216907,66696,AG,IRIDE-MS1-EAGLET 2-2,IRIDE-MS1-Eaglet-2-2,2025-11-28T19:47:39,2025-11-28T19:42:06,-1.5060467573536829,25.0,0.6,False,False
-3.3140863659955286,64.5177911182094,2.03865385353441,6889.312409714704,66736,BY,FLOCK 4H-33,Flock 4h-33,2025-11-28T19:49:38,2025-11-28T19:42:45,-1.8689837737474808,5.7,0.3,False,False
-2.545353447330566,49.55270551195998,1.2687599563734322,6889.918309281737,66704,AQ,FLOCK 4H-1,Flock 4h-1,2025-11-28T19:57:27,2025-11-28T19:45:34,-3.223299601652843,5.7,0.3,False,False
-2.440973777965599,5.495853966951927,-0.9141530313025964,6891.756091736464,66711,AX,FLOCK 4H-8,Flock 4h-8,2025-11-28T19:59:22,2025-11-28T19:45:58,-3.639496917054587,5.7,0.3,False,False
-1.7614939648520753,6.3165426611128055,-0.9025169325440456,6891.706690191488,66725,BM,FLOCK 4H-22,Flock 4h-22,2025-11-28T19:56:15,2025-11-28T19:48:28,-2.1135136591464985,5.7,0.3,False,False
-1.6337694714914193,24.068300434351954,-0.04598099811055422,6891.052160909138,66740,CC,NUSAT-51 (YVONNE BRILL),Beatrice Tinsley,2025-11-28T20:08:14,2025-11-28T19:48:56,-5.2405270096751035,41.5,0.813,False,False
-1.5413273075991683,91.1765828280358,3.2813147073423226,6888.21088551594,66775,DP,PHI 1,PHI-1,2025-11-28T19:39:28,2025-11-28T19:49:16,2.6650966821070847,20.0,0.3,False,False
-1.4913400578426952,-9.098438892154718,-1.6817598861193845,6892.368522162628,66713,AZ,FLOCK 4H-10,Flock 4h-10,2025-11-28T19:41:26,2025-11-28T19:49:27,2.18092667792902,5.7,0.3,False,False
-1.0824021771461503,50.10353301188951,1.2207475132374919,6889.982396609904,66757,CV,PIAST-S2,PIAST-S2,2025-11-28T19:44:44,2025-11-28T19:50:58,1.6935667935489667,12.0,0.3,False,False
-0.9089980149761985,10.419072693288797,-0.7682748337929945,6891.647313225072,66743,CF,NUSAT-47,Melina Furman,2025-11-28T20:05:14,2025-11-28T19:51:36,-3.700939403090249,41.5,0.813,False,False
-0.6573564176003401,58.874521992918694,1.6399603484610017,6889.587094141163,66716,BC,FLOCK 4H-13,Flock 4h-13,2025-11-28T19:42:38,2025-11-28T19:52:32,2.688983858143521,5.7,0.3,False,False
-0.6463580183426743,49.12883832170985,1.169885041307335,6889.919347133585,66715,BB,FLOCK 4H-12,Flock 4h-12,2025-11-28T20:01:12,2025-11-28T19:52:34,-2.3428243602519947,5.7,0.3,False,False
-0.38485584214897983,-4.947492220965387,-1.5166997232981567,6892.188247663747,66698,AJ,IRIDE-MS1-EAGLET 2-4,IRIDE-MS1-Eaglet-2-4,2025-11-28T19:45:22,2025-11-28T19:53:32,2.2190963857536588,25.0,0.6,False,False
-0.32666112654818136,6.629259868221595,-0.9502570790910958,6891.6974040352225,66710,AW,FLOCK 4H-7,Flock 4h-7,2025-11-28T20:00:35,2025-11-28T19:53:45,-1.8556374820542985,5.7,0.3,False,False
-0.3158182112354204,5.906549142053734,-0.9863319508025665,6891.74803470674,66706,AS,FLOCK 4H-3,Flock 4h-3,2025-11-28T19:48:04,2025-11-28T19:53:47,1.5547994816045478,5.7,0.3,False,False
-0.28562755051574484,-11.54881484882145,-1.8621944549746359,6892.516192621959,66735,BX,FLOCK 4H-32,Flock 4h-32,2025-11-28T19:47:14,2025-11-28T19:53:54,1.8113279617880105,5.7,0.3,False,False
-0.23005839002292916,87.86791204023808,3.052054841171503,6888.411104324908,66774,DN,GENA-OT,Gena-OT-1,2025-11-28T19:39:57,2025-11-28T19:54:06,3.845089664394327,15.0,0.3,False,False
-0.21407776447992077,74.97715043538068,2.4168950425401774,6888.925436599843,66766,DE,T.MICROSAT-1,Bellbird-1,2025-11-28T19:41:22,2025-11-28T19:54:09,3.476295996848897,15.0,0.4,False,False
-0.1756389839385193,-28.74652615584006,-2.700058165272226,6893.146047070347,66683,T,6GSTARLAB,6GStarLab,2025-11-28T19:40:28,2025-11-28T19:54:18,3.759179622411189,12.0,0.3,False,False
-0.10850295263936616,-38.20447788299856,-3.1873337102549,6893.63834550039,66678,N,OTTER SDM,Otter SDM,2025-11-28T19:40:51,2025-11-28T19:54:33,3.722200256757,5.0,0.3,False,False
-0.06497259120456889,49.57931583899592,1.1554266678888463,6889.986073052823,66720,BG,FLOCK 4H-17,Flock 4h-17,2025-11-28T19:54:26,2025-11-28T19:54:42,0.07642416093206439,5.7,0.3,False,False
0.0,36.457071754431695,0.4969860245503008,6890.5483027679165,66749,CM,PIAST-S1,PIAST-S1,2025-11-28T20:04:10,2025-11-28T19:54:57,-2.502228979200403,12.0,0.3,False,False
0.4716333788904912,57.44064626460466,1.5196522407931556,6889.656855687271,66708,AU,FLOCK 4H-5,Flock 4h-5,2025-11-28T19:42:47,2025-11-28T19:56:41,3.777232847130871,5.7,0.3,False,False
0.7432894195080522,39.897766620876325,0.6339771329271437,6890.413799386441,66712,AY,FLOCK 4H-9,Flock 4h-9,2025-11-28T20:02:33,2025-11-28T19:57:41,-1.3198441899326028,5.7,0.3,False,False
0.8686460997330521,2.8468725020566126,-1.2062046159930275,6891.952925535136,66692,AC,NUSAT-52,Yvonne Brill,2025-11-28T20:03:35,2025-11-28T19:58:09,-1.4751464058426995,41.5,0.813,False,False
0.9958434633724096,-10.224940505688267,-1.8225316138631908,6892.439053740712,66733,BV,FLOCK 4H-30,Flock 4h-30,2025-11-28T19:50:50,2025-11-28T19:58:37,2.115019595592604,5.7,0.3,False,False
1.0013106153386104,-16.646385456846474,-2.1690312812081713,6892.718029886608,66729,BR,FLOCK 4H-26,Flock 4h-26,2025-11-28T19:43:46,2025-11-28T19:58:38,4.039831456611721,5.7,0.3,False,False
1.3369549491587627,51.49000600581445,1.182512137585837,6889.939078496253,66758,CW,PIAST-M,PIAST-M,2025-11-28T19:44:15,2025-11-28T19:59:52,4.244199855142877,12.0,0.3,False,False
1.418438240918725,-20.249499432849234,-2.3797955641540227,6892.947298476652,66688,Y,WISDOM A,WISDOM A,2025-11-28T19:42:55,2025-11-28T20:00:10,4.687823658044898,5.0,0.3,False,False
1.5541479541868632,-11.719199975216839,-1.9548353445519502,6892.545652551433,66707,AT,FLOCK 4H-4,Flock 4h-4,2025-11-28T19:44:37,2025-11-28T20:00:40,4.361804219606911,5.7,0.3,False,False
1.8141553150740393,80.49046445870084,2.5958573514693866,6888.746221920069,66771,DK,GYEONGGISAT-1,Gyeonggisat-1,2025-11-28T19:40:46,2025-11-28T20:01:37,5.667492306416785,25.0,0.4,False,False
1.8929030360572128,-40.956969187674474,-3.4177454386676054,6893.806379367699,66676,L,TRANSPORTER-15 OBJECT L,HCT-SAT2,2025-11-28T19:40:51,2025-11-28T20:01:55,5.723606245453579,1.0,0.1,True,False
1.9970918841494978,46.16837044025368,0.8884700703098317,6890.188496793476,66739,CB,FLOCK 4H-36,Flock 4h-36,2025-11-28T19:50:00,2025-11-28T20:02:18,3.342605835833479,5.7,0.3,False,False
2.0712314752849217,57.1440659609799,1.435515821224604,6889.69996967767,66737,BZ,FLOCK 4H-34,Flock 4h-34,2025-11-28T19:49:49,2025-11-28T20:02:34,3.4665397472509363,5.7,0.3,False,False
2.341712743136533,53.00167862126244,1.2100398059935835,6889.90619095309,66730,BS,FLOCK 4H-27,Flock 4h-27,2025-11-28T19:45:06,2025-11-28T20:03:34,5.018093073267584,5.7,0.3,False,False
2.37305313967725,-9.014122301744862,-1.8724278416910192,6892.516864984475,66719,BF,FLOCK 4H-16,Flock 4h-16,2025-11-28T19:47:37,2025-11-28T20:03:41,4.365893255027663,5.7,0.3,False,False
2.5795118367469136,62.82493116258604,1.6844331530651655,6889.5079043101905,66728,BQ,FLOCK 4H-25,Flock 4h-25,2025-11-28T19:41:37,2025-11-28T20:04:27,6.2019842522365956,5.7,0.3,False,False
2.586799427283239,64.75854160129046,1.7826195109437641,6889.410964533035,66738,CA,FLOCK 4H-35,Flock 4h-35,2025-11-28T19:49:22,2025-11-28T20:04:28,4.104330121759699,5.7,0.3,False,False
2.6788590304619575,-1.8429281912538045,-1.5198532964063234,6892.163503540637,66727,BP,FLOCK 4H-24,Flock 4h-24,2025-11-28T19:55:07,2025-11-28T20:04:49,2.6346587706382847,5.7,0.3,False,False
2.7319204672047945,60.89971411893748,1.5837504500417272,6889.581279245981,66760,CY,TRANSPORTER-15 OBJECT CY,PW-6U,2025-11-28T19:41:21,2025-11-28T20:05:00,6.426820984922888,12.0,0.3,True,False
2.875085954769691,40.99925794268393,0.5896363940315205,6890.418184571944,66709,AV,FLOCK 4H-6,Flock 4h-6,2025-11-28T19:58:41,2025-11-28T20:05:32,1.8621598276410083,5.7,0.3,False,False
3.163471937726836,-9.512303912836444,-1.9148344683910903,6892.494668022097,66726,BN,FLOCK 4H-23,Flock 4h-23,2025-11-28T19:44:00,2025-11-28T20:06:36,6.138618189550086,5.7,0.3,False,False
3.2469405111212453,77.15993902873055,2.363281772362071,6888.920781564934,66769,DH,SPEQTRE,Speqtre,2025-11-28T19:40:36,2025-11-28T20:06:54,7.145545066356748,20.0,0.3,False,False
3.7658759762067895,85.88310098320858,2.7737636568353845,6888.557694922862,66773,DM,TRANSPORTER-15 OBJECT DM,CTC-1A,2025-11-28T19:41:36,2025-11-28T20:08:49,7.392875148085747,21.0,0.4,True,False
3.803381740861898,-20.33943291915142,-2.493096566248451,6892.998227763865,66690,AA,TRANSPORTER-15 OBJECT AA,SPiN 2,2025-11-28T19:41:08,2025-11-28T20:08:57,7.557130091640577,5.0,0.3,True,False
3.881532060346135,-4.480368091847879,-1.7083004004205191,6892.32956990428,66732,BU,FLOCK 4H-29,Flock 4h-29,2025-11-28T19:51:44,2025-11-28T20:09:14,4.756263347545438,5.7,0.3,False,False
3.9755124713341523,-14.75842028362314,-2.221305054496903,6892.7532681173625,66731,BT,FLOCK 4H-28,Flock 4h-28,2025-11-28T19:43:58,2025-11-28T20:09:35,6.959712235935954,5.7,0.3,False,False
4.171353922046801,44.122179673899154,0.6854184442315879,6890.314645819026,66756,CU,MAUVE,MAUVE,2025-11-28T19:44:57,2025-11-28T20:10:18,6.888475059681334,24.0,0.4,False,False
4.29831804927608,-16.674996127831946,-2.3344390196260463,6892.852136869615,66718,BE,FLOCK 4H-15,Flock 4h-15,2025-11-28T19:51:34,2025-11-28T20:10:46,5.2183169003681416,5.7,0.3,False,False
4.5075444812506795,19.854918112016268,-0.5194818975437302,6891.267029405119,66755,CT,ICEYE-X62,ICEYE-X62,2025-11-28T20:05:50,2025-11-28T20:11:32,1.5526398631227023,120.0,0.8,False,False
4.552428884097456,-14.21739711501897,-2.2216283684204736,6892.739104923553,66721,BH,FLOCK 4H-18,Flock 4h-18,2025-11-28T19:52:12,2025-11-28T20:11:42,5.300410992397039,5.7,0.3,False,False
4.675322733419467,20.17860360387442,-0.5266642107546952,6891.485977590915,66741,CD,BLACK KITE-1,Black Kite 1,2025-11-28T19:39:30,2025-11-28T20:12:10,8.872693210347169,15.0,0.4,False,False
4.973055700967702,-9.04811208230285,-1.9824564382419072,6892.552585236087,66734,BW,FLOCK 4H-31,Flock 4h-31,2025-11-28T19:47:58,2025-11-28T20:13:15,6.8708339321433245,5.7,0.3,False,False
5.275252778518638,27.17638316424069,-0.20535647979412489,6891.0501388394205,66742,CE,MERCURY ONE (M1),Mercury One,2025-11-28T20:05:36,2025-11-28T20:14:22,2.383722749840522,50.0,0.8,False,False
5.379610674922102,51.11786287232957,0.978759010505491,6890.04179824001,66750,CN,TRANSPORTER-15 OBJECT CN,CTC-1C,2025-11-28T19:44:12,2025-11-28T20:14:45,8.300435850074043,21.0,0.4,True,False
5.647181801227422,71.83027365502448,1.9908833931242653,6889.2221984500775,66767,DF,ACCENTURE-1,Accenture-1,2025-11-28T19:40:29,2025-11-28T20:15:44,9.577473651187855,12.0,0.3,False,False
6.656997178993866,-24.196201230808526,-2.7363762402123837,6893.190076017714,66686,W,LEMUR-2-STAS-GORBUK,Lemur-2 Stas-Gorbuk,2025-11-28T19:43:13,2025-11-28T20:19:27,9.844900981113076,7.6,0.3,False,False
6.962026485324838,4.2270545903505194,-1.4114151894819127,6891.992260066867,66753,CR,ICEYE-X60,ICEYE SAR-2,2025-11-28T20:03:25,2025-11-28T20:20:35,4.663501543641844,120.0,0.8,False,False
7.229391698663019,-42.0891625972406,-3.7211492296080393,6893.95064208311,66674,J,BRO-20,BRO-20,2025-11-28T19:39:23,2025-11-28T20:21:34,11.45844947031565,15.0,0.4,False,False
7.360847109344913,35.463557408603265,0.11329909557980455,6890.717177466278,66751,CP,ICEYE-X58,ICEYE-X58,2025-11-28T20:04:00,2025-11-28T20:22:03,4.903885694037268,120.0,0.8,False,False
7.62686252651223,-50.06894622158092,-4.138782825657576,6894.297571342955,66672,G,BRO-17,BRO-17,2025-11-28T19:39:12,2025-11-28T20:23:02,11.905714618446895,15.0,0.4,False,False
8.234721983402228,21.600511176953546,-0.6133410268005207,6891.316547192439,66752,CQ,ICEYE-X59,ICEYE SAR-1,2025-11-28T20:10:05,2025-11-28T20:25:16,4.125494486008935,120.0,0.8,False,False
8.608188342398957,39.58027786712467,0.25920618893093567,6890.577868788273,66754,CS,ICEYE-X61,MikroSAR,2025-11-28T20:03:13,2025-11-28T20:26:38,6.363984477387271,120.0,0.8,False,False
9.709604628997528,9.972957358558688,-1.2600622839420403,6891.8541041640065,66763,DB,HYDROGNSS-2,HydroGNSS-2,2025-11-28T20:07:32,2025-11-28T20:30:42,6.292970859163425,65.0,0.7,False,False
9.786314837352794,18.13283318571382,-0.8572241206950884,6891.502529136281,66747,CK,(no current TLE),W-5,2025-11-28T20:09:05,2025-11-28T20:30:59,5.9486927233160465,250.0,1.0,False,False
9.829295568203616,0.7178057529714579,-1.7233697227558025,6892.232736768762,66762,DA,HYDROGNSS-1,HydroGNSS-1,2025-11-28T20:04:02,2025-11-28T20:31:08,7.363280640117418,65.0,0.7,False,False
9.952011052781199,-43.01596511245651,-3.900786299735347,6894.088078815588,66679,P,LILIUM-2,Lilium 2,2025-11-28T19:40:12,2025-11-28T20:31:35,13.959257761359318,12.0,0.3,False,False
10.613753444706948,79.07476912972237,2.13375932790746,6888.916250550852,66770,DJ,LILIUM-3,Lilium 3,2025-11-28T19:42:05,2025-11-28T20:34:01,14.109476681296908,12.0,0.3,False,False
11.415328686906545,3.876612634039759,-1.636663077212586,6892.118730899874,66703,AP,PELICAN-6,Pelican 6,2025-11-28T20:04:56,2025-11-28T20:36:58,8.704868913799459,160.0,2.3,False,False
11.871819376042414,30.22800733886999,-0.35481703956238836,6891.042719551411,66764,DC,NAHLA,Nahla,2025-11-28T20:04:37,2025-11-28T20:38:39,9.247367974331565,200.0,1.0,False,False
12.075761182920456,23.79492679866894,-0.6828133125810438,6891.3146187762995,66667,B,PELICAN-5,Pelican 5,2025-11-28T20:05:00,2025-11-28T20:39:24,9.347194384256266,160.0,2.3,False,False
14.321832922085402,-3.888124721387271,-2.1477579996055622,6892.5114588310435,66689,Z,AC1-003,AC1-003,2025-11-28T20:03:47,2025-11-28T20:47:41,11.923719339838343,140.0,0.9,False,False
15.22864099083571,11.741644641408527,-1.4827666271803395,6891.807474400302,66745,CH,AC1-002,AC1-002,2025-11-28T20:08:11,2025-11-28T20:51:01,11.635463721819853,140.0,0.9,False,False
24.141916221555807,4.852200744092215,-1.208516777852181,6892.144698034477,66744,CG,AC1-001,AC1-001,2025-11-28T20:05:22,2025-11-28T21:23:50,21.31376078232755,140.0,0.9,False,False
1087.3142152015832,-143.28243747675043,-62.3328115405561,6944.040914094475,66666,A,FORMOSAT-8A,Formosat-8A,2025-11-28T21:04:26,2025-12-01T14:38:14,1068.4432351187618,380.0,1.6,False,True
