OBJECT_NAME,OBJECT_ID,NORAD_CAT_ID,OBJECT_TYPE,OPS_STATUS_CODE,OWNER,LAUNCH_DATE,LAUNCH_SITE,DECAY_DATE,PERIOD,INCLINATION,APOGEE,PERIGEE,RCS,DATA_STATUS_CODE,ORBIT_CENTER,ORBIT_TYPE
FORMOSAT-8A,2025-276A,66666,PAY,+,ROC,2025-11-28,AFWTR,,95.93,97.65,568,559,,,EA,ORB
PELICAN-5,2025-276B,66667,PAY,+,US,2025-11-28,AFWTR,,93.75,97.39,459,457,,,EA,ORB
SARI-1,2025-276C,66668,PAY,+,SAUD,2025-11-28,AFWTR,,93.96,97.40,472,464,,,EA,ORB
SARI-2,2025-276D,66669,PAY,+,SAUD,2025-11-28,AFWTR,,94.01,97.40,475,466,,,EA,ORB
HUNITY,2025-276E,66670,PAY,+,HUN,2025-11-28,AFWTR,,94.04,97.40,477,468,,,EA,ORB
ANISCSAT-1,2025-276F,66671,PAY,+,AZER,2025-11-28,AFWTR,,94.54,97.41,501,492,,,EA,ORB
BRO-17,2025-276G,66672,PAY,+,FR,2025-11-28,AFWTR,,94.83,97.41,516,505,,,EA,ORB
TRANSPORTER-15 OBJECT H,2025-276H,66673,PAY,+,TBD,2025-11-28,AFWTR,,94.42,97.41,495,486,,,EA,ORB
BRO-20,2025-276J,66674,PAY,+,FR,2025-11-28,AFWTR,,94.82,97.41,515,505,,,EA,ORB
VEERY-0G,2025-276K,66675,PAY,+,US,2025-11-28,AFWTR,,94.60,97.41,504,495,,,EA,ORB
TRANSPORTER-15 OBJECT L,2025-276L,66676,PAY,+,TBD,2025-11-28,AFWTR,,94.75,97.41,512,502,,,EA,ORB
AE5RC,2025-276M,66677,PAY,+,JPN,2025-11-28,AFWTR,,94.44,97.41,496,487,,,EA,ORB
OTTER SDM,2025-276N,66678,PAY,+,GER,2025-11-28,AFWTR,,94.69,97.41,509,499,,,EA,ORB
LILIUM-2,2025-276P,66679,PAY,+,ROC,2025-11-28,AFWTR,,94.84,97.41,516,506,,,EA,ORB
LEMUR-2-DEANANDMAEVE,2025-276Q,66680,PAY,+,US,2025-11-28,AFWTR,,94.74,97.41,511,501,,,EA,ORB
TRANSPORTER-15 OBJECT R,2025-276R,66681,PAY,+,TBD,2025-11-28,AFWTR,,94.34,97.40,490,482,,,EA,ORB
ION SCV-022,2025-276S,66682,PAY,+,IT,2025-11-28,AFWTR,,96.13,97.52,576,570,,,EA,ORB
6GSTARLAB,2025-276T,66683,PAY,+,SPN,2025-11-28,AFWTR,,94.81,97.42,514,505,,,EA,ORB
MICE-1,2025-276U,66684,PAY,+,GREC,2025-11-28,AFWTR,,94.75,97.42,511,502,,,EA,ORB
AE5RA,2025-276V,66685,PAY,+,JPN,2025-11-28,AFWTR,,94.44,97.41,495,488,,,EA,ORB
LEMUR-2-STAS-GORBUK,2025-276W,66686,PAY,+,US,2025-11-28,AFWTR,,94.73,97.42,510,501,,,EA,ORB
LEO EXPRESS 3,2025-276X,66687,PAY,+,US,2025-11-28,AFWTR,,94.57,97.42,501,495,,,EA,ORB
WISDOM A,2025-276Y,66688,PAY,+,HUN,2025-11-28,AFWTR,,94.73,97.41,510,501,,,EA,ORB
AC1-003,2025-276Z,66689,PAY,+,UK,2025-11-28,AFWTR,,94.83,97.41,513,507,,,EA,ORB
TRANSPORTER-15 OBJECT AA,2025-276AA,66690,PAY,+,TBD,2025-11-28,AFWTR,,94.76,97.41,511,503,,,EA,ORB
TRANSPORTER-15 OBJECT AB,2025-276AB,66691,PAY,+,TBD,2025-11-28,AFWTR,,94.60,97.41,503,495,,,EA,ORB
NUSAT-52,2025-276AC,66692,PAY,+,ARGN,2025-11-28,AFWTR,,94.71,97.41,508,501,,,EA,ORB
AE5RB,2025-276AD,66693,PAY,+,JPN,2025-11-28,AFWTR,,94.44,97.41,495,488,,,EA,ORB
YAM-9,2025-276AE,66694,PAY,+,US,2025-11-28,AFWTR,,95.01,97.41,525,513,,,EA,ORB
IRIDE-MS1-EAGLET 2-1,2025-276AF,66695,PAY,+,IT,2025-11-28,AFWTR,,94.63,97.41,502,499,,,EA,ORB
IRIDE-MS1-EAGLET 2-2,2025-276AG,66696,PAY,+,IT,2025-11-28,AFWTR,,94.65,97.41,505,498,,,EA,ORB
IRIDE-MS1-EAGLET 2-3,2025-276AH,66697,PAY,+,IT,2025-11-28,AFWTR,,94.62,97.41,502,498,,,EA,ORB
IRIDE-MS1-EAGLET 2-4,2025-276AJ,66698,PAY,+,IT,2025-11-28,AFWTR,,94.70,97.41,508,501,,,EA,ORB
IRIDE-MS1-EAGLET 2-5,2025-276AK,66699,PAY,+,IT,2025-11-28,AFWTR,,94.67,97.41,506,499,,,EA,ORB
IRIDE-MS1-EAGLET 2-6,2025-276AL,66700,PAY,+,IT,2025-11-28,AFWTR,,94.61,97.41,501,498,,,EA,ORB
IRIDE-MS1-EAGLET 2-7,2025-276AM,66701,PAY,+,IT,2025-11-28,AFWTR,,94.67,97.41,507,499,,,EA,ORB
IRIDE-MS1-EAGLET 2-8,2025-276AN,66702,PAY,+,IT,2025-11-28,AFWTR,,94.68,97.41,507,499,,,EA,ORB
PELICAN-6,2025-276AP,66703,PAY,+,US,2025-11-28,AFWTR,,93.82,97.33,463,460,,,EA,ORB
FLOCK 4H-1,2025-276AQ,66704,PAY,P,US,2025-11-28,AFWTR,,94.65,97.41,503,500,,,EA,ORB
FLOCK 4H-2,2025-276AR,66705,PAY,+,US,2025-11-28,AFWTR,,94.62,97.41,502,499,,,EA,ORB
FLOCK 4H-3,2025-276AS,66706,PAY,P,US,2025-11-28,AFWTR,,94.68,97.42,507,500,,,EA,ORB
FLOCK 4H-4,2025-276AT,66707,PAY,+,US,2025-11-28,AFWTR,,94.69,97.42,508,500,,,EA,ORB
FLOCK 4H-5,2025-276AU,66708,PAY,+,US,2025-11-28,AFWTR,,94.64,97.41,503,500,,,EA,ORB
FLOCK 4H-6,2025-276AV,66709,PAY,P,US,2025-11-28,AFWTR,,94.66,97.42,505,500,,,EA,ORB
FLOCK 4H-7,2025-276AW,66710,PAY,+,US,2025-11-28,AFWTR,,94.67,97.41,505,500,,,EA,ORB
FLOCK 4H-8,2025-276AX,66711,PAY,+,US,2025-11-28,AFWTR,,94.66,97.42,506,499,,,EA,ORB
FLOCK 4H-9,2025-276AY,66712,PAY,P,US,2025-11-28,AFWTR,,94.64,97.41,504,499,,,EA,ORB
FLOCK 4H-10,2025-276AZ,66713,PAY,P,US,2025-11-28,AFWTR,,94.69,97.41,507,499,,,EA,ORB
FLOCK 4H-11,2025-276BA,66714,PAY,-,US,2025-11-28,AFWTR,,94.44,97.41,494,489,,,EA,ORB
FLOCK 4H-12,2025-276BB,66715,PAY,P,US,2025-11-28,AFWTR,,94.64,97.41,503,499,,,EA,ORB
FLOCK 4H-13,2025-276BC,66716,PAY,P,US,2025-11-28,AFWTR,,94.64,97.42,502,500,,,EA,ORB
FLOCK 4H-14,2025-276BD,66717,PAY,+,US,2025-11-28,AFWTR,,94.61,97.41,501,498,,,EA,ORB
FLOCK 4H-15,2025-276BE,66718,PAY,+,US,2025-11-28,AFWTR,,94.66,97.41,505,499,,,EA,ORB
FLOCK 4H-16,2025-276BF,66719,PAY,+,US,2025-11-28,AFWTR,,94.69,97.42,507,500,,,EA,ORB
FLOCK 4H-17,2025-276BG,66720,PAY,-,US,2025-11-28,AFWTR,,94.43,97.41,493,489,,,EA,ORB
FLOCK 4H-18,2025-276BH,66721,PAY,+,US,2025-11-28,AFWTR,,94.69,97.41,507,500,,,EA,ORB
FLOCK 4H-19,2025-276BJ,66722,PAY,+,US,2025-11-28,AFWTR,,94.62,97.41,501,499,,,EA,ORB
FLOCK 4H-20,2025-276BK,66723,PAY,P,US,2025-11-28,AFWTR,,94.61,97.41,501,498,,,EA,ORB
FLOCK 4H-21,2025-276BL,66724,PAY,+,US,2025-11-28,AFWTR,,94.63,97.41,502,499,,,EA,ORB
FLOCK 4H-22,2025-276BM,66725,PAY,+,US,2025-11-28,AFWTR,,94.66,97.41,505,499,,,EA,ORB
FLOCK 4H-23,2025-276BN,66726,PAY,+,US,2025-11-28,AFWTR,,94.69,97.42,508,500,,,EA,ORB
FLOCK 4H-24,2025-276BP,66727,PAY,+,US,2025-11-28,AFWTR,,94.68,97.42,507,500,,,EA,ORB
FLOCK 4H-25,2025-276BQ,66728,PAY,+,US,2025-11-28,AFWTR,,94.64,97.41,502,500,,,EA,ORB
FLOCK 4H-26,2025-276BR,66729,PAY,+,US,2025-11-28,AFWTR,,94.70,97.41,508,500,,,EA,ORB
FLOCK 4H-27,2025-276BS,66730,PAY,P,US,2025-11-28,AFWTR,,94.65,97.41,503,500,,,EA,ORB
FLOCK 4H-28,2025-276BT,66731,PAY,-,US,2025-11-28,AFWTR,,94.66,97.41,506,499,,,EA,ORB
FLOCK 4H-29,2025-276BU,66732,PAY,+,US,2025-11-28,AFWTR,,94.69,97.41,507,500,,,EA,ORB
FLOCK 4H-30,2025-276BV,66733,PAY,+,US,2025-11-28,AFWTR,,94.69,97.42,507,499,,,EA,ORB
FLOCK 4H-31,2025-276BW,66734,PAY,+,US,2025-11-28,AFWTR,,94.70,97.41,508,501,,,EA,ORB
FLOCK 4H-32,2025-276BX,66735,PAY,+,US,2025-11-28,AFWTR,,94.69,97.42,508,500,,,EA,ORB
FLOCK 4H-33,2025-276BY,66736,PAY,+,US,2025-11-28,AFWTR,,94.62,97.42,502,499,,,EA,ORB
FLOCK 4H-34,2025-276BZ,66737,PAY,+,US,2025-11-28,AFWTR,,94.65,97.42,503,500,,,EA,ORB
FLOCK 4H-35,2025-276CA,66738,PAY,+,US,2025-11-28,AFWTR,,94.64,97.41,502,500,,,EA,ORB
FLOCK 4H-36,2025-276CB,66739,PAY,+,US,2025-11-28,AFWTR,,94.65,97.42,504,499,,,EA,ORB
NUSAT-51 (YVONNE BRILL),2025-276CC,66740,PAY,+,ARGN,2025-11-28,AFWTR,,94.67,97.41,505,499,,,EA,ORB
BLACK KITE-1,2025-276CD,66741,PAY,+,ROC,2025-11-28,AFWTR,,94.63,97.42,505,496,,,EA,ORB
MERCURY ONE (M1),2025-276CE,66742,PAY,+,US,2025-11-28,AFWTR,,94.72,97.41,507,503,,,EA,ORB
NUSAT-47,2025-276CF,66743,PAY,+,ARGN,2025-11-28,AFWTR,,94.67,97.41,505,500,,,EA,ORB
AC1-001,2025-276CG,66744,PAY,+,UK,2025-11-28,AFWTR,,94.82,97.41,513,507,,,EA,ORB
AC1-002,2025-276CH,66745,PAY,+,UK,2025-11-28,AFWTR,,94.81,97.41,512,507,,,EA,ORB
TRANSPORTER-15 OBJECT CJ,2025-276CJ,66746,PAY,+,TBD,2025-11-28,AFWTR,,94.90,97.44,514,513,,,EA,ORB
W-SERIES 5,2025-276CK,66747,PAY,D,US,2025-11-28,AFWTR,2026-01-29,96.99,97.33,883,346,,,EA,IMP
UMBRA-11,2025-276CL,66748,PAY,+,US,2025-11-28,AFWTR,,94.12,97.41,477,474,,,EA,ORB
PIAST-S1,2025-276CM,66749,PAY,+,POL,2025-11-28,AFWTR,,94.67,97.41,505,500,,,EA,ORB
TRANSPORTER-15 OBJECT CN,2025-276CN,66750,PAY,+,TBD,2025-11-28,AFWTR,,94.71,97.42,506,503,,,EA,ORB
ICEYE-X58,2025-276CP,66751,PAY,+,FIN,2025-11-28,AFWTR,,94.89,97.41,516,510,,,EA,ORB
ICEYE-X59,2025-276CQ,66752,PAY,+,GREC,2025-11-28,AFWTR,,95.91,97.45,564,561,,,EA,ORB
ICEYE-X60,2025-276CR,66753,PAY,+,GREC,2025-11-28,AFWTR,,95.37,97.41,539,534,,,EA,ORB
ICEYE-X61,2025-276CS,66754,PAY,+,FIN,2025-11-28,AFWTR,,94.80,97.41,512,506,,,EA,ORB
ICEYE-X62,2025-276CT,66755,PAY,+,POL,2025-11-28,AFWTR,,95.34,97.41,538,532,,,EA,ORB
MAUVE,2025-276CU,66756,PAY,+,HUN,2025-11-28,AFWTR,,94.64,97.41,503,499,,,EA,ORB
PIAST-S2,2025-276CV,66757,PAY,+,POL,2025-11-28,AFWTR,,94.66,97.41,503,500,,,EA,ORB
PIAST-M,2025-276CW,66758,PAY,+,POL,2025-11-28,AFWTR,,94.68,97.41,504,501,,,EA,ORB
TRANSPORTER-15 OBJECT CX,2025-276CX,66759,PAY,+,TBD,2025-11-28,AFWTR,,94.62,97.41,501,499,,,EA,ORB
TRANSPORTER-15 OBJECT CY,2025-276CY,66760,PAY,+,TBD,2025-11-28,AFWTR,,94.68,97.41,504,502,,,EA,ORB
TRANSPORTER-15 OBJECT CZ,2025-276CZ,66761,PAY,+,TBD,2025-11-28,AFWTR,,94.51,97.41,496,494,,,EA,ORB
HYDROGNSS-1,2025-276DA,66762,PAY,+,ESA,2025-11-28,AFWTR,,95.25,97.41,539,522,,,EA,ORB
HYDROGNSS-2,2025-276DB,66763,PAY,+,ESA,2025-11-28,AFWTR,,95.25,97.41,539,522,,,EA,ORB
NAHLA,2025-276DC,66764,PAY,+,BEL,2025-11-28,AFWTR,,94.78,97.41,511,505,,,EA,ORB
TRANSPORTER-15 OBJECT DD,2025-276DD,66765,PAY,+,TBD,2025-11-28,AFWTR,,94.39,97.41,490,488,,,EA,ORB
T.MICROSAT-1,2025-276DE,66766,PAY,+,ROC,2025-11-28,AFWTR,,94.64,97.41,502,500,,,EA,ORB
ACCENTURE-1,2025-276DF,66767,PAY,+,UK,2025-11-28,AFWTR,,94.70,97.41,505,503,,,EA,ORB
LEMUR-2-TEODOR,2025-276DG,66768,PAY,+,US,2025-11-28,AFWTR,,94.62,97.41,501,499,,,EA,ORB
SPEQTRE,2025-276DH,66769,PAY,+,SING,2025-11-28,AFWTR,,94.66,97.41,503,502,,,EA,ORB
LILIUM-3,2025-276DJ,66770,PAY,+,ROC,2025-11-28,AFWTR,,94.74,97.42,507,505,,,EA,ORB
GYEONGGISAT-1,2025-276DK,66771,PAY,+,SKOR,2025-11-28,AFWTR,,94.64,97.42,501,501,,,EA,ORB
IHI-SAT2,2025-276DL,66772,PAY,+,JPN,2025-11-28,AFWTR,,94.59,97.42,499,498,,,EA,ORB
TRANSPORTER-15 OBJECT DM,2025-276DM,66773,PAY,+,TBD,2025-11-28,AFWTR,,94.66,97.42,502,502,,,EA,ORB
GENA-OT,2025-276DN,66774,PAY,+,GER,2025-11-28,AFWTR,,94.61,97.41,500,500,,,EA,ORB
PHI 1,2025-276DP,66775,PAY,+,TBD,2025-11-28,AFWTR,,94.60,97.41,500,498,,,EA,ORB
LEMUR-2-LAILA,2025-276DQ,66776,PAY,+,US,2025-11-28,AFWTR,,94.61,97.41,500,499,,,EA,ORB
LUNA-1,2025-276DR,66777,PAY,+,TURK,2025-11-28,AFWTR,,94.48,97.42,494,493,,,EA,ORB
FORESAIL-1 PRIME,2025-276DS,66778,PAY,+,FIN,2025-11-28,AFWTR,,94.78,97.41,510,506,,,EA,ORB
FOSSASAT-2E22,2025-276DT,66779,PAY,+,SPN,2025-11-28,AFWTR,,94.78,97.41,512,504,,,EA,ORB
FOSSASAT-2E24,2025-276DU,66780,PAY,+,SPN,2025-11-28,AFWTR,,94.77,97.41,511,504,,,EA,ORB
LEMUR-2-CELIJO-SB-PK,2025-276DV,66781,PAY,+,US,2025-11-28,AFWTR,,95.94,97.52,565,563,,,EA,ORB
LEMUR-2-FINNIAN,2025-276DW,66782,PAY,+,US,2025-11-28,AFWTR,,95.94,97.52,571,556,,,EA,ORB
LEMUR-2-STARLIGHT,2025-276DX,66783,PAY,+,US,2025-11-28,AFWTR,,96.01,97.51,579,556,,,EA,ORB
LEMUR-2-TARTIFLETTE,2025-276DY,66784,PAY,+,US,2025-11-28,AFWTR,,96.01,97.51,578,557,,,EA,ORB
LEMUR-2-VUKASIN,2025-276DZ,66785,PAY,+,US,2025-11-28,AFWTR,,95.94,97.50,568,560,,,EA,ORB
LEMUR-2-HOTSPUR-TOM,2025-276EA,66786,PAY,+,US,2025-11-28,AFWTR,,96.02,97.51,578,557,,,EA,ORB
LEMUR-2-MYRA,2025-276EB,66787,PAY,+,US,2025-11-28,AFWTR,,95.94,97.53,575,553,,,EA,ORB
FOSSASA-2E23,2025-276EC,66788,PAY,+,SPN,2025-11-28,AFWTR,,94.56,97.42,501,493,,,EA,ORB
ION SCV-021,2025-276ED,67483,PAY,+,IT,2025-11-28,AFWTR,,96.12,97.52,580,566,,,EA,ORB
FGN-TUG-S01,2025-276EE,100399,PAY,+,TURK,2025-11-28,AFWTR,,102.40,97.38,1214,531,,,EA,ORB
FRG-10D1,2025-276EF,100400,PAY,+,TURK,2025-11-28,AFWTR,,97.01,97.39,707,525,,,EA,ORB
