#JCAT	Satcat	Launch_Tag	Piece	Type	Name	PLName	LDate	Parent	SDate	Primary	DDate	Status	Dest	Owner	State	Manufacturer	Bus	Motor	Mass	MassFlag	DryMass	DryFlag	TotMass	TotFlag	Length	LFlag	Diameter	DFlag	Span	SpanFlag	Shape	ODate	Perigee	PF	Apogee	AF	Inc	IF	OpOrbit	OQUAL	AltNames
S66666    	66666	2025-276	2025-276A	P           	Formosat-8A	Formosat-8A	2025 Nov 28	A11695	2025 Nov 28 2104:26	Earth	-	O	-	TASA	TW	TASA	FS8	AOCS	     380 	 	    380 	 	     380 	 	   1.6 	 	  1.2 	 	    4.4 	 	Box + 2 pan	2025 Dec 19	     563	 	     568	 	 97.66 	 	LLEO/S	-	-
S66667    	66667	2025-276	2025-276B	P           	Pelican 5	Pelican 300c	2025 Nov 28	A11695	2025 Nov 28 2005:00	Earth	-	O	-	PLAN	US	PLAN	Pelican	Xe AOCS	     160 	 	    146 	 	     160 	 	   2.3 	 	  0.6 	 	    3.0 	?	Box+2 pan	2025 Nov 30	     512	 	     515	 	 97.44 	 	LLEO/S	-	-
S66668    	66668	2025-276	2025-276C	P           	Sari 1	Sari 1	2025 Nov 28	A11695	2025 Nov 28 1939:48	Earth	-	O	-	SAUDSA	SA	SAUDSA	PocketQube 1P	-	       0.250	 	      0.250	 	       0.250	 	   0.050	 	  0.050	 	    0.1 	 	Box+2 ant	2025 Dec 19	     511	 	     518	 	 97.44 	 	LLEO/S	-	-
S66669    	66669	2025-276	2025-276D	P           	Sari 2	Sari 2	2025 Nov 28	A11695	2025 Nov 28 1939:48	Earth	-	O	-	SAUDSA	SA	SAUDSA	PocketQube 1P	-	       0.250	 	      0.250	 	       0.250	 	   0.050	 	  0.050	 	    0.1 	 	Box+2 ant	2025 Dec 19	     512	 	     518	 	 97.44 	 	LLEO/S	-	-
S66670    	66670	2025-276	2025-276E	P           	Hunity	Hunity	2025 Nov 28	A11695	2025 Nov 28 1939:48	Earth	-	O	-	BME	HU	BME	PocketQube 3P	-	       0.750	 	      0.750	 	       0.750	 	   0.178	 	  0.050	 	    0.4 	 	Box+3 pan	2025 Dec 20	     512	 	     519	 	 97.44 	 	LLEO/S	-	-
S66671    	66671	2025-276	2025-276F	P           	ANISCSAT	ANISC	2025 Nov 28	A11695	2025 Nov 28 1939:48	Earth	-	O	-	AZER	AZ	AZER	PocketQube 1P	-	       0.250	 	      0.250	 	       0.250	 	   0.050	 	  0.050	 	    0.1 	 	Box+2 ant	2025 Dec 19	     511	 	     516	 	 97.44 	 	LLEO/S	-	-
S66672    	66672	2025-276	2025-276G	P           	BRO-17	BRO-17	2025 Nov 28	A11695	2025 Nov 28 1939:12	Earth	-	O	-	UNSEEN	F	GOMSP	Cubesat 8U	-	      15 	?	     15 	?	      15 	 	   0.4 	 	  0.2 	 	    0.4 	 	Box	2025 Dec  6	     512	 	     514	 	 97.44 	 	LLEO/S	-	-
S66673    	NNA	2025-276	2025-276H	P       ?   	TORO2	TORO2	2025 Nov 28	A11695	2025 Nov 28 1939:09	Earth	-	O	-	TASA/PYRAS	TW	PYRAS	Cubesat 8U	-	      15 	?	     15 	?	      15 	 	   0.4 	 	  0.2 	 	    0.4 	 	Box	2026 Jan 17	     566	 	     578	 	 97.55 	 	LLEO/S	-	-
S66674    	66674	2025-276	2025-276J	P           	BRO-20	BRO-20	2025 Nov 28	A11695	2025 Nov 28 1939:23	Earth	-	O	-	UNSEEN	F	GOMSP	Cubesat 8U	-	      15 	?	     15 	?	      15 	 	   0.4 	 	  0.2 	 	    0.4 	 	Box	2025 Dec 18	     509	 	     519	 	 97.43 	 	LLEO/S	-	-
S66675    	66675	2025-276	2025-276K	P           	Veery-0G	Veery-0G	2025 Nov 28	A11695	2025 Nov 28 1941:08	Earth	-	O	-	CAREWX	US	CAREWX	Cubesat 1U	-	       1 	 	      1 	 	       1 	 	   0.1 	 	  0.1 	 	    0.1 	 	Box	2025 Dec 19	     513	 	     515	 	 97.44 	 	LLEO/S	-	-
S66676    	NNA	2025-276	2025-276L	P       ?   	HCT-SAT2	HCT-SAT2	2025 Nov 28	A11695	2025 Nov 28 1940:51	Earth	-	O	-	HCT/MBRSC	UAE	MBRSC	Cubesat 1U	-	       1 	 	      1 	 	       1 	 	   0.1 	 	  0.1 	 	    0.1 	 	Box	2025 Dec 19	     512	 	     517	 	 97.44 	 	LLEO/S	-	-
S66677    	66677	2025-276	2025-276M	P           	AE5RC	AE5RC	2025 Nov 28	A11695	2025 Nov 28 1942:46	Earth	-	O	-	ARKE	J	ARKE	Cubesat 6U	-	      10 	?	     10 	?	      10 	?	   0.3 	 	  0.2 	 	    0.3 	 	Box+ 2 pan	2025 Dec  6	     513	 	     515	 	 97.44 	 	LLEO/S	-	-
S66678    	66678	2025-276	2025-276N	P           	Otter SDM	Otter	2025 Nov 28	A11695	2025 Nov 28 1940:51	Earth	-	O	-	DLR	D	DLR	Cubesat 3U	-	       5 	 	      5 	 	       5 	 	   0.3 	 	  0.1 	 	    0.3 	 	Box+ 2 pan	2025 Dec 19	     510	 	     521	 	 97.44 	 	LLEO/S	-	-
S66679    	66679	2025-276	2025-276P	P           	Lilium 2	Lilium 2	2025 Nov 28	A11695	2025 Nov 28 1940:12	Earth	-	O	-	NCKU	TW	SATORO	Cubesat 6U	-	      12 	 	     12 	 	      12 	 	   0.3 	 	  0.2 	 	    0.3 	 	Box	2025 Dec 19	     510	 	     517	 	 97.43 	 	LLEO/S	-	-
S66680    	66680	2025-276	2025-276Q	P           	Lemur-2 DeanAndMeave	Lemur-2	2025 Nov 28	A11695	2025 Nov 28 1939:50	Earth	-	O	-	SPIRE	US	SPIREG	Cubesat 3U	-	       7.600	 	      7.600	 	       7.600	 	   0.3 	 	  0.1 	 	    1.0 	 	Box+ 2 pan	2025 Dec 19	     512	 	     518	 	 97.44 	 	LLEO/S	-	-
S66681    	NNA	2025-276	2025-276R	P       ?   	CTC-1B	CTC-1B	2025 Nov 28	A11695	2025 Nov 28 1943:35	Earth	-	O	-	SPCOIN/ARROW	US	ARROW	Cubesat 16U	-	      21 	 	     21 	 	      21 	 	   0.4 	 	  0.2 	 	    0.4 	 	Box	2025 Dec  6	     511	 	     514	 	 97.45 	 	LLEO/S	-	-
S66682    	66682	2025-276	2025-276S	P           	ION Galactic Georgius	ION SCV-022	2025 Nov 28	A11695	2025 Nov 28 2006:23	Earth	-	O	-	DORBIT	I	DORBIT	ION-SC	PM200	     150 	 	    150 	 	     220 	 	   0.4 	 	  0.4 	 	    0.4 	 	Box	2025 Dec 19	     508	 	     511	 	 97.44 	 	LLEO/S	-	-
S66683    	66683	2025-276	2025-276T	P           	6GStarLab	6GStarLab	2025 Nov 28	A11695	2025 Nov 28 1940:28	Earth	-	O	-	I2CAT	E	OCOSB	Cubesat 6U	-	      12 	 	     12 	 	      12 	 	   0.3 	 	  0.2 	 	    0.6 	 	Box+2 pan	2025 Dec 19	     511	 	     518	 	 97.45 	 	LLEO/S	-	-
S66684    	66684	2025-276	2025-276U	P           	MICE-1	MICE-1	2025 Nov 28	A11695	2025 Nov 28 1941:24	Earth	-	O	-	PRISMA/ELKED	GR	PRISMA	Cubesat 3U	-	       5 	 	      5 	 	       5 	 	   0.3 	 	  0.1 	 	    0.3 	 	Box	2025 Dec 19	     510	 	     517	 	 97.43 	 	LLEO/S	-	-
S66685    	66685	2025-276	2025-276V	P           	AE5RA	AE5RA	2025 Nov 28	A11695	2025 Nov 28 1946:12	Earth	-	O	-	ARKE	J	ARKE	Cubesat 6U	-	      10 	?	     10 	?	      10 	?	   0.3 	 	  0.2 	 	    0.3 	 	Box+ 2 pan	2025 Dec 19	     510	 	     512	 	 97.44 	 	LLEO/S	-	-
S66686    	66686	2025-276	2025-276W	P           	Lemur-2 Stas-Gorbuk	Lemur-2	2025 Nov 28	A11695	2025 Nov 28 1943:13	Earth	-	O	-	SPIRE	US	SPIREG	Cubesat 3U	-	       7.600	 	      7.600	 	       7.600	 	   0.3 	 	  0.1 	 	    1.0 	 	Box+ 2 pan	2025 Dec 19	     508	 	     512	 	 97.45 	 	LLEO/S	-	-
S66687    	NNA	2025-276	2025-276X	P           	LEO Express 3	Impulse-3 Mira	2025 Nov 28	A11695	2025 Nov 28 2003:45	Earth	-	O	-	IMPUL	US	IMPUL	Mira	AOCS	     250 	 	    200 	 	     250 	 	   0.9 	 	  0.5 	 	    0.9 	 	Box	2025 Dec 19	     511	 	     512	 	 97.44 	 	LLEO/S	-	-
S66688    	66688	2025-276	2025-276Y	P           	WISDOM A	WISDOM A	2025 Nov 28	A11695	2025 Nov 28 1942:55	Earth	-	O	-	C3S	HU	C3S	Cubesat 3U	-	       5 	 	      5 	 	       5 	 	   0.3 	 	  0.1 	 	    0.3 	 	Box	2025 Dec  6	     512	 	     516	 	 97.44 	 	LLEO/S	-	-
S66689    	66689	2025-276	2025-276Z	P           	AC1-003	AC1-003	2025 Nov 28	A11695	2025 Nov 28 2003:47	Earth	-	O	-	BAEG/INSBAE	UK	INSBAE	P10	-	     140 	 	    140 	 	     140 	 	   0.9 	 	  0.9 	 	    0.9 	 	Trunc pyramid	2025 Dec 19	     510	 	     512	 	 97.44 	 	LLEO/S	-	-
S66690    	NNA	2025-276	2025-276AA	P       ?   	SPiN 2	SPiN 2	2025 Nov 28	A11695	2025 Nov 28 1941:08	Earth	-	O	-	SPINL	L	GOS	Cubesat 3U	-	       5 	 	      5 	 	       5 	 	   0.3 	 	  0.1 	 	    0.3 	 	Box	2025 Dec 19	     512	 	     517	 	 97.44 	 	LLEO/S	-	-
S66691    	NNA	2025-276	2025-276AB	P       ?   	TRYAD 1	TRYAD 1	2025 Nov 28	A11695	2025 Nov 28 1941:10	Earth	-	O	-	AUBU/UAH	US	AUBU	Cubesat 6U	-	      12 	 	     12 	 	      12 	 	   0.3 	 	  0.2 	 	    0.3 	 	Box	2025 Dec 19	     511	 	     516	 	 97.44 	 	LLEO/S	-	-
S66692    	66692	2025-276	2025-276AC	P           	Yvonne Brill	NuSat-52	2025 Nov 28	A11695	2025 Nov 28 2003:35	Earth	-	O	-	URUGUS	UY	URUGUS	Newsat V	-	      41.500	 	     38.500	 	      41.500	 	   0.813	 	  0.508	 	    0.813	 	Box	2025 Dec 19	     510	 	     512	 	 97.44 	 	LLEO/S	-	-
S66693    	66693	2025-276	2025-276AD	P           	AE5RB	AE5RB	2025 Nov 28	A11695	2025 Nov 28 1946:43	Earth	-	O	-	ARKE	J	ARKE	Cubesat 6U	-	      10 	?	     10 	?	      10 	?	   0.3 	 	  0.2 	 	    0.3 	 	Box+ 2 pan	2025 Dec 19	     509	 	     511	 	 97.44 	 	LLEO/S	-	-
S66694    	66694	2025-276	2025-276AE	P           	YAM-9	YAM-9	2025 Nov 28	A11695	2025 Nov 28 2004:45	Earth	-	O	-	LOFT/EDA	US	ADST	ARROW	-	     150 	?	    140 	?	     150 	?	   1.3 	 	  1.0 	 	    5.0 	?	Trapezoid+2 pan	2025 Dec 19	     512	 	     514	 	 97.44 	 	LLEO/S	-	-
S66695    	66695	2025-276	2025-276AF	P           	IRIDE-MS1-Eaglet-2-1	Eaglet-2-1	2025 Nov 28	A11695	2025 Nov 28 1944:42	Earth	-	O	-	ASI/OHBI	I	OHBI	Eaglet	-	      25 	 	     25 	 	      25 	 	   0.6 	 	  0.3 	 	    2.0 	?	Box+2 pan	2025 Dec  6	     512	 	     517	 	 97.44 	 	LLEO/S	-	-
S66696    	66696	2025-276	2025-276AG	P           	IRIDE-MS1-Eaglet-2-2	Eaglet-2-2	2025 Nov 28	A11695	2025 Nov 28 1947:39	Earth	-	O	-	ASI/OHBI	I	OHBI	Eaglet	-	      25 	 	     25 	 	      25 	 	   0.6 	 	  0.3 	 	    2.0 	?	Box+2 pan	2025 Dec 19	     512	 	     515	 	 97.44 	 	LLEO/S	-	-
S66697    	66697	2025-276	2025-276AH	P           	IRIDE-MS1-Eaglet-2-3	Eaglet-2-3	2025 Nov 28	A11695	2025 Nov 28 1945:27	Earth	-	O	-	ASI/OHBI	I	OHBI	Eaglet	-	      25 	 	     25 	 	      25 	 	   0.6 	 	  0.3 	 	    2.0 	?	Box+2 pan	2025 Dec  6	     511	 	     512	 	 97.44 	 	LLEO/S	-	-
S66698    	66698	2025-276	2025-276AJ	P           	IRIDE-MS1-Eaglet-2-4	Eaglet-2-4	2025 Nov 28	A11695	2025 Nov 28 1945:22	Earth	-	O	-	ASI/OHBI	I	OHBI	Eaglet	-	      25 	 	     25 	 	      25 	 	   0.6 	 	  0.3 	 	    2.0 	?	Box+2 pan	2025 Dec 19	     512	 	     515	 	 97.44 	 	LLEO/S	-	-
S66699    	66699	2025-276	2025-276AK	P           	IRIDE-MS1-Eaglet-2-5	Eaglet-2-5	2025 Nov 28	A11695	2025 Nov 28 1944:52	Earth	-	O	-	ASI/OHBI	I	OHBI	Eaglet	-	      25 	 	     25 	 	      25 	 	   0.6 	 	  0.3 	 	    2.0 	?	Box+2 pan	2025 Dec 19	     511	 	     516	 	 97.44 	 	LLEO/S	-	-
S66700    	66700	2025-276	2025-276AL	P           	IRIDE-MS1-Eaglet-2-6	Eaglet-2-6	2025 Nov 28	A11695	2025 Nov 28 1945:37	Earth	-	O	-	ASI/OHBI	I	OHBI	Eaglet	-	      25 	 	     25 	 	      25 	 	   0.6 	 	  0.3 	 	    2.0 	?	Box+2 pan	2025 Dec 19	     510	 	     512	 	 97.44 	 	LLEO/S	-	-
S66701    	66701	2025-276	2025-276AM	P           	IRIDE-MS1-Eaglet-2-7	Eaglet-2-7	2025 Nov 28	A11695	2025 Nov 28 1947:24	Earth	-	O	-	ASI/OHBI	I	OHBI	Eaglet	-	      25 	 	     25 	 	      25 	 	   0.6 	 	  0.3 	 	    2.0 	?	Box+2 pan	2025 Dec  6	     511	 	     511	 	 97.44 	 	LLEO/S	-	-
S66702    	66702	2025-276	2025-276AN	P           	IRIDE-MS1-Eaglet-2-8	Eaglet-2-8	2025 Nov 28	A11695	2025 Nov 28 1946:51	Earth	-	O	-	ASI/OHBI	I	OHBI	Eaglet	-	      25 	 	     25 	 	      25 	 	   0.6 	 	  0.3 	 	    2.0 	?	Box+2 pan	2025 Dec  6	     511	 	     512	 	 97.45 	 	LLEO/S	-	-
S66703    	66703	2025-276	2025-276AP	P           	Pelican 6	Pelican 300d	2025 Nov 28	A11695	2025 Nov 28 2004:56	Earth	-	O	-	PLAN	US	PLAN	Pelican	Xe AOCS	     160 	 	    146 	 	     160 	 	   2.3 	 	  0.6 	 	    3.0 	?	Box+2 pan	2025 Nov 30	     513	 	     516	 	 97.44 	 	LLEO/S	-	-
S66704    	66704	2025-276	2025-276AQ	P           	Flock 4h-1	Dove 2545	2025 Nov 28	A11695	2025 Nov 28 1957:27	Earth	-	O	-	PLAN	US	PLAN	Cubesat 3U	-	       5.700	 	      5.700	 	       5.700	 	   0.3 	 	  0.1 	 	    0.3 	 	Box+2 pan	2025 Nov 30	     512	 	     513	 	 97.44 	 	LLEO/S	-	-
S66705    	66705	2025-276	2025-276AR	P           	Flock 4h-2	Dove 2528	2025 Nov 28	A11695	2025 Nov 28 1949:59	Earth	-	O	-	PLAN	US	PLAN	Cubesat 3U	-	       5.700	 	      5.700	 	       5.700	 	   0.3 	 	  0.1 	 	    0.3 	 	Box+2 pan	2025 Nov 30	     512	 	     513	 	 97.44 	 	LLEO/S	-	-
S66706    	66706	2025-276	2025-276AS	P           	Flock 4h-3	Dove 254c	2025 Nov 28	A11695	2025 Nov 28 1948:04	Earth	-	O	-	PLAN	US	PLAN	Cubesat 3U	-	       5.700	 	      5.700	 	       5.700	 	   0.3 	 	  0.1 	 	    0.3 	 	Box+2 pan	2025 Nov 30	     512	 	     517	 	 97.45 	 	LLEO/S	-	-
S66707    	66707	2025-276	2025-276AT	P           	Flock 4h-4	Dove 2544	2025 Nov 28	A11695	2025 Nov 28 1944:37	Earth	-	O	-	PLAN	US	PLAN	Cubesat 3U	-	       5.700	 	      5.700	 	       5.700	 	   0.3 	 	  0.1 	 	    0.3 	 	Box+2 pan	2025 Nov 30	     512	 	     518	 	 97.44 	 	LLEO/S	-	-
S66708    	66708	2025-276	2025-276AU	P           	Flock 4h-5	Dove 254f	2025 Nov 28	A11695	2025 Nov 28 1942:47	Earth	-	O	-	PLAN	US	PLAN	Cubesat 3U	-	       5.700	 	      5.700	 	       5.700	 	   0.3 	 	  0.1 	 	    0.3 	 	Box+2 pan	2025 Nov 30	     511	 	     513	 	 97.44 	 	LLEO/S	-	-
S66709    	66709	2025-276	2025-276AV	P           	Flock 4h-6	Dove 254d	2025 Nov 28	A11695	2025 Nov 28 1958:41	Earth	-	O	-	PLAN	US	PLAN	Cubesat 3U	-	       5.700	 	      5.700	 	       5.700	 	   0.3 	 	  0.1 	 	    0.3 	 	Box+2 pan	2025 Nov 30	     511	 	     514	 	 97.45 	 	LLEO/S	-	-
S66710    	66710	2025-276	2025-276AW	P           	Flock 4h-7	Dove 24d8	2025 Nov 28	A11695	2025 Nov 28 2000:35	Earth	-	O	-	PLAN	US	PLAN	Cubesat 3U	-	       5.700	 	      5.700	 	       5.700	 	   0.3 	 	  0.1 	 	    0.3 	 	Box+2 pan	2025 Nov 30	     513	 	     516	 	 97.44 	 	LLEO/S	-	-
S66711    	66711	2025-276	2025-276AX	P           	Flock 4h-8	Dove 254b	2025 Nov 28	A11695	2025 Nov 28 1959:22	Earth	-	O	-	PLAN	US	PLAN	Cubesat 3U	-	       5.700	 	      5.700	 	       5.700	 	   0.3 	 	  0.1 	 	    0.3 	 	Box+2 pan	2025 Nov 30	     512	 	     517	 	 97.45 	 	LLEO/S	-	-
S66712    	66712	2025-276	2025-276AY	P           	Flock 4h-9	Dove 2520	2025 Nov 28	A11695	2025 Nov 28 2002:33	Earth	-	O	-	PLAN	US	PLAN	Cubesat 3U	-	       5.700	 	      5.700	 	       5.700	 	   0.3 	 	  0.1 	 	    0.3 	 	Box+2 pan	2025 Nov 30	     511	 	     515	 	 97.45 	 	LLEO/S	-	-
S66713    	66713	2025-276	2025-276AZ	P           	Flock 4h-10	Dove 2510	2025 Nov 28	A11695	2025 Nov 28 1941:26	Earth	-	O	-	PLAN	US	PLAN	Cubesat 3U	-	       5.700	 	      5.700	 	       5.700	 	   0.3 	 	  0.1 	 	    0.3 	 	Box+2 pan	2025 Nov 30	     512	 	     518	 	 97.44 	 	LLEO/S	-	-
S66714    	66714	2025-276	2025-276BA	P           	Flock 4h-11	Dove 2551	2025 Nov 28	A11695	2025 Nov 28 2003:11	Earth	-	O	-	PLAN	US	PLAN	Cubesat 3U	-	       5.700	 	      5.700	 	       5.700	 	   0.3 	 	  0.1 	 	    0.3 	 	Box+2 pan	2025 Nov 30	     512	 	     517	 	 97.45 	 	LLEO/S	-	-
S66715    	66715	2025-276	2025-276BB	P           	Flock 4h-12	Dove 2554	2025 Nov 28	A11695	2025 Nov 28 2001:12	Earth	-	O	-	PLAN	US	PLAN	Cubesat 3U	-	       5.700	 	      5.700	 	       5.700	 	   0.3 	 	  0.1 	 	    0.3 	 	Box+2 pan	2025 Nov 30	     512	 	     513	 	 97.44 	 	LLEO/S	-	-
S66716    	66716	2025-276	2025-276BC	P           	Flock 4h-13	Dove 2552	2025 Nov 28	A11695	2025 Nov 28 1942:38	Earth	-	O	-	PLAN	US	PLAN	Cubesat 3U	-	       5.700	 	      5.700	 	       5.700	 	   0.3 	 	  0.1 	 	    0.3 	 	Box+2 pan	2025 Nov 30	     512	 	     512	 	 97.45 	 	LLEO/S	-	-
S66717    	66717	2025-276	2025-276BD	P           	Flock 4h-14	Dove 2553	2025 Nov 28	A11695	2025 Nov 28 1942:28	Earth	-	O	-	PLAN	US	PLAN	Cubesat 3U	-	       5.700	 	      5.700	 	       5.700	 	   0.3 	 	  0.1 	 	    0.3 	 	Box+2 pan	2025 Nov 30	     512	 	     512	 	 97.45 	 	LLEO/S	-	-
S66718    	66718	2025-276	2025-276BE	P           	Flock 4h-15	Dove 2555	2025 Nov 28	A11695	2025 Nov 28 1951:34	Earth	-	O	-	PLAN	US	PLAN	Cubesat 3U	-	       5.700	 	      5.700	 	       5.700	 	   0.3 	 	  0.1 	 	    0.3 	 	Box+2 pan	2025 Nov 30	     512	 	     518	 	 97.44 	 	LLEO/S	-	-
S66719    	66719	2025-276	2025-276BF	P           	Flock 4h-16	Dove 2562	2025 Nov 28	A11695	2025 Nov 28 1947:37	Earth	-	O	-	PLAN	US	PLAN	Cubesat 3U	-	       5.700	 	      5.700	 	       5.700	 	   0.3 	 	  0.1 	 	    0.3 	 	Box+2 pan	2025 Nov 30	     512	 	     517	 	 97.45 	 	LLEO/S	-	-
S66720    	66720	2025-276	2025-276BG	P           	Flock 4h-17	Dove 2556	2025 Nov 28	A11695	2025 Nov 28 1954:26	Earth	-	O	-	PLAN	US	PLAN	Cubesat 3U	-	       5.700	 	      5.700	 	       5.700	 	   0.3 	 	  0.1 	 	    0.3 	 	Box+2 pan	2025 Nov 30	     511	 	     514	 	 97.45 	 	LLEO/S	-	-
S66721    	66721	2025-276	2025-276BH	P           	Flock 4h-18	Dove 2570	2025 Nov 28	A11695	2025 Nov 28 1952:12	Earth	-	O	-	PLAN	US	PLAN	Cubesat 3U	-	       5.700	 	      5.700	 	       5.700	 	   0.3 	 	  0.1 	 	    0.3 	 	Box+2 pan	2025 Nov 30	     512	 	     518	 	 97.44 	 	LLEO/S	-	-
S66722    	66722	2025-276	2025-276BJ	P           	Flock 4h-19	Dove 2558	2025 Nov 28	A11695	2025 Nov 28 1953:26	Earth	-	O	-	PLAN	US	PLAN	Cubesat 3U	-	       5.700	 	      5.700	 	       5.700	 	   0.3 	 	  0.1 	 	    0.3 	 	Box+2 pan	2025 Nov 30	     511	 	     513	 	 97.44 	 	LLEO/S	-	-
S66723    	66723	2025-276	2025-276BK	P           	Flock 4h-20	Dove 255b	2025 Nov 28	A11695	2025 Nov 28 1953:57	Earth	-	O	-	PLAN	US	PLAN	Cubesat 3U	-	       5.700	 	      5.700	 	       5.700	 	   0.3 	 	  0.1 	 	    0.3 	 	Box+2 pan	2025 Nov 30	     511	 	     513	 	 97.45 	 	LLEO/S	-	-
S66724    	66724	2025-276	2025-276BL	P           	Flock 4h-21	Dove 2571	2025 Nov 28	A11695	2025 Nov 28 1957:11	Earth	-	O	-	PLAN	US	PLAN	Cubesat 3U	-	       5.700	 	      5.700	 	       5.700	 	   0.3 	 	  0.1 	 	    0.3 	 	Box+2 pan	2025 Nov 30	     511	 	     513	 	 97.44 	 	LLEO/S	-	-
S66725    	66725	2025-276	2025-276BM	P           	Flock 4h-22	Dove 255d	2025 Nov 28	A11695	2025 Nov 28 1956:15	Earth	-	O	-	PLAN	US	PLAN	Cubesat 3U	-	       5.700	 	      5.700	 	       5.700	 	   0.3 	 	  0.1 	 	    0.3 	 	Box+2 pan	2025 Nov 30	     512	 	     517	 	 97.44 	 	LLEO/S	-	-
S66726    	66726	2025-276	2025-276BN	P           	Flock 4h-23	Dove 2565	2025 Nov 28	A11695	2025 Nov 28 1944:00	Earth	-	O	-	PLAN	US	PLAN	Cubesat 3U	-	       5.700	 	      5.700	 	       5.700	 	   0.3 	 	  0.1 	 	    0.3 	 	Box+2 pan	2025 Nov 30	     512	 	     518	 	 97.45 	 	LLEO/S	-	-
S66727    	66727	2025-276	2025-276BP	P           	Flock 4h-24	Dove 255f	2025 Nov 28	A11695	2025 Nov 28 1955:07	Earth	-	O	-	PLAN	US	PLAN	Cubesat 3U	-	       5.700	 	      5.700	 	       5.700	 	   0.3 	 	  0.1 	 	    0.3 	 	Box+2 pan	2025 Nov 30	     512	 	     517	 	 97.45 	 	LLEO/S	-	-
S66728    	66728	2025-276	2025-276BQ	P           	Flock 4h-25	Dove 256e	2025 Nov 28	A11695	2025 Nov 28 1941:37	Earth	-	O	-	PLAN	US	PLAN	Cubesat 3U	-	       5.700	 	      5.700	 	       5.700	 	   0.3 	 	  0.1 	 	    0.3 	 	Box+2 pan	2025 Nov 30	     511	 	     512	 	 97.44 	 	LLEO/S	-	-
S66729    	66729	2025-276	2025-276BR	P           	Flock 4h-26	Dove 2550	2025 Nov 28	A11695	2025 Nov 28 1943:46	Earth	-	O	-	PLAN	US	PLAN	Cubesat 3U	-	       5.700	 	      5.700	 	       5.700	 	   0.3 	 	  0.1 	 	    0.3 	 	Box+2 pan	2025 Nov 30	     512	 	     518	 	 97.44 	 	LLEO/S	-	-
S66730    	66730	2025-276	2025-276BS	P           	Flock 4h-27	Dove 255a	2025 Nov 28	A11695	2025 Nov 28 1945:06	Earth	-	O	-	PLAN	US	PLAN	Cubesat 3U	-	       5.700	 	      5.700	 	       5.700	 	   0.3 	 	  0.1 	 	    0.3 	 	Box+2 pan	2025 Nov 30	     512	 	     513	 	 97.44 	 	LLEO/S	-	-
S66731    	66731	2025-276	2025-276BT	P           	Flock 4h-28	Dove 253e	2025 Nov 28	A11695	2025 Nov 28 1943:58	Earth	-	O	-	PLAN	US	PLAN	Cubesat 3U	-	       5.700	 	      5.700	 	       5.700	 	   0.3 	 	  0.1 	 	    0.3 	 	Box+2 pan	2025 Nov 30	     512	 	     518	 	 97.44 	 	LLEO/S	-	-
S66732    	66732	2025-276	2025-276BU	P           	Flock 4h-29	Dove 2575	2025 Nov 28	A11695	2025 Nov 28 1951:44	Earth	-	O	-	PLAN	US	PLAN	Cubesat 3U	-	       5.700	 	      5.700	 	       5.700	 	   0.3 	 	  0.1 	 	    0.3 	 	Box+2 pan	2025 Nov 30	     512	 	     517	 	 97.44 	 	LLEO/S	-	-
S66733    	66733	2025-276	2025-276BV	P           	Flock 4h-30	Dove 255c	2025 Nov 28	A11695	2025 Nov 28 1950:50	Earth	-	O	-	PLAN	US	PLAN	Cubesat 3U	-	       5.700	 	      5.700	 	       5.700	 	   0.3 	 	  0.1 	 	    0.3 	 	Box+2 pan	2025 Nov 30	     512	 	     518	 	 97.45 	 	LLEO/S	-	-
S66734    	66734	2025-276	2025-276BW	P           	Flock 4h-31	Dove 256c	2025 Nov 28	A11695	2025 Nov 28 1947:58	Earth	-	O	-	PLAN	US	PLAN	Cubesat 3U	-	       5.700	 	      5.700	 	       5.700	 	   0.3 	 	  0.1 	 	    0.3 	 	Box+2 pan	2025 Nov 30	     512	 	     517	 	 97.44 	 	LLEO/S	-	-
S66735    	66735	2025-276	2025-276BX	P           	Flock 4h-32	Dove 2560	2025 Nov 28	A11695	2025 Nov 28 1947:14	Earth	-	O	-	PLAN	US	PLAN	Cubesat 3U	-	       5.700	 	      5.700	 	       5.700	 	   0.3 	 	  0.1 	 	    0.3 	 	Box+2 pan	2025 Nov 30	     512	 	     518	 	 97.45 	 	LLEO/S	-	-
S66736    	66736	2025-276	2025-276BY	P           	Flock 4h-33	Dove 2579	2025 Nov 28	A11695	2025 Nov 28 1949:38	Earth	-	O	-	PLAN	US	PLAN	Cubesat 3U	-	       5.700	 	      5.700	 	       5.700	 	   0.3 	 	  0.1 	 	    0.3 	 	Box+2 pan	2025 Nov 30	     511	 	     513	 	 97.45 	 	LLEO/S	-	-
S66737    	66737	2025-276	2025-276BZ	P           	Flock 4h-34	Dove 2563	2025 Nov 28	A11695	2025 Nov 28 1949:49	Earth	-	O	-	PLAN	US	PLAN	Cubesat 3U	-	       5.700	 	      5.700	 	       5.700	 	   0.3 	 	  0.1 	 	    0.3 	 	Box+2 pan	2025 Nov 30	     511	 	     513	 	 97.45 	 	LLEO/S	-	-
S66738    	66738	2025-276	2025-276CA	P           	Flock 4h-35	Dove 257a	2025 Nov 28	A11695	2025 Nov 28 1949:22	Earth	-	O	-	PLAN	US	PLAN	Cubesat 3U	-	       5.700	 	      5.700	 	       5.700	 	   0.3 	 	  0.1 	 	    0.3 	 	Box+2 pan	2025 Nov 30	     511	 	     512	 	 97.45 	 	LLEO/S	-	-
S66739    	66739	2025-276	2025-276CB	P           	Flock 4h-36	Dove 255e	2025 Nov 28	A11695	2025 Nov 28 1950:00	Earth	-	O	-	PLAN	US	PLAN	Cubesat 3U	-	       5.700	 	      5.700	 	       5.700	 	   0.3 	 	  0.1 	 	    0.3 	 	Box+2 pan	2025 Nov 30	     511	 	     514	 	 97.45 	 	LLEO/S	-	-
S66740    	66740	2025-276	2025-276CC	P           	Beatrice Tinsley	NuSat-51	2025 Nov 28	A11695	2025 Nov 28 2008:14	Earth	-	O	-	URUGUS	UY	URUGUS	Newsat V	-	      41.500	 	     38.500	 	      41.500	 	   0.813	 	  0.508	 	    0.813	 	Box	2025 Dec 19	     508	 	     512	 	 97.44 	 	LLEO/S	-	-
S66741    	66741	2025-276	2025-276CD	P           	Black Kite 1	Black Kite 1	2025 Nov 28	A11695	2025 Nov 28 1939:30	Earth	-	O	-	TASA/RAPTEK	TW	RAPTEK	Cubesat 8U	-	      15 	?	     15 	?	      15 	 	   0.4 	 	  0.2 	 	    0.4 	 	Box	2025 Dec 19	     511	 	     518	 	 97.44 	 	LLEO/S	-	-
S66742    	66742	2025-276	2025-276CE	P           	Mercury One	Mercury One	2025 Nov 28	A11695	2025 Nov 28 2005:36	Earth	-	O	-	PROTE	US	PROTE	M1	-	      50 	 	     50 	 	      50 	 	   0.8 	 	  0.4 	 	    0.8 	 	Box	2025 Dec 19	     509	 	     512	 	 97.44 	 	LLEO/S	-	-
S66743    	66743	2025-276	2025-276CF	P           	Melina Furman	NuSat-47	2025 Nov 28	A11695	2025 Nov 28 2005:14	Earth	-	O	-	URUGUS	UY	URUGUS	Newsat V	-	      41.500	 	     38.500	 	      41.500	 	   0.813	 	  0.508	 	    0.813	 	Box	2025 Dec 19	     509	 	     512	 	 97.44 	 	LLEO/S	-	-
S66744    	66744	2025-276	2025-276CG	P           	AC1-001	AC1-001	2025 Nov 28	A11695	2025 Nov 28 2005:22	Earth	-	O	-	BAEG/INSBAE	UK	INSBAE	P10	-	     140 	 	    140 	 	     140 	 	   0.9 	 	  0.9 	 	    0.9 	 	Trunc pyramid	2025 Dec 19	     508	 	     512	 	 97.44 	 	LLEO/S	-	-
S66745    	66745	2025-276	2025-276CH	P           	AC1-002	Azalea Cluster 1-002	2025 Nov 28	A11695	2025 Nov 28 2008:11	Earth	-	O	-	BAEG/INSBAE	UK	INSBAE	P10	-	     140 	 	    140 	 	     140 	 	   0.9 	 	  0.9 	 	    0.9 	 	Trunc pyramid	2025 Dec 19	     508	 	     512	 	 97.44 	 	LLEO/S	-	-
S66746    	NNA	2025-276	2025-276CJ	P       ?   	Phasma-Dirac	Phasma-Dirac	2025 Nov 28	A11695	2025 Nov 28 1942:25	Earth	-	O	-	LIBRE/ELKED	GR	LIBRE	Cubesat 3U	-	       5 	 	      5 	 	       5 	 	   0.3 	 	  0.1 	 	    0.3 	 	Box	2025 Dec  6	     512	 	     516	 	 97.44 	 	LLEO/S	-	-
S66747    	66747	2025-276	2025-276CK	P           	W-5	W-Series 5	2025 Nov 28	A11695	2025 Nov 28 2009:05	Earth	2026 Jan 29 1341?	D	138E 46S?	VARDA	US	VARDA	VW	-	     250 	?	     55 	 	     300 	 	   1.0 	 	  1.4 	 	    1.4 	 	Trunc cone	2025 Dec  6	     510	 	     512	 	 97.44 	 	LLEO/S	-	-
S66748    	66748	2025-276	2025-276CL	P           	Umbra-11	Umbra-11	2025 Nov 28	A11695	2025 Nov 28 2004:53	Earth	-	O	-	UMBRA	US	UMBRA	Espasat?	-	      84 	 	     79 	 	      84 	 	   0.8 	 	  0.6 	 	    4.0 	 	Box + 2 Pan + Dish	2025 Dec 19	     511	 	     514	 	 97.44 	 	LLEO/S	-	-
S66749    	66749	2025-276	2025-276CM	P           	PIAST-S1	PIAST-S1	2025 Nov 28	A11695	2025 Nov 28 2004:10	Earth	-	O	-	WAT	PL	CREO	Cubesat 6U	-	      12 	 	     12 	 	      12 	 	   0.3 	 	  0.2 	 	    0.3 	 	Box	2025 Dec  6	     510	 	     512	 	 97.44 	 	LLEO/S	-	-
S66750    	NNA	2025-276	2025-276CN	P       ?   	CTC-1C	CTC-1C	2025 Nov 28	A11695	2025 Nov 28 1944:12	Earth	-	O	-	SPCOIN/ARROW	US	ARROW	Cubesat 16U	-	      21 	 	     21 	 	      21 	 	   0.4 	 	  0.2 	 	    0.4 	 	Box	2025 Dec  6	     512	 	     516	 	 97.45 	 	LLEO/S	-	-
S66751    	66751	2025-276	2025-276CP	P           	ICEYE-X58	ICEYE-X58	2025 Nov 28	A11695	2025 Nov 28 2004:00	Earth	-	O	-	ICEYE	FI	ICEYE	ICEYE	-	     120 	 	    120 	 	     120 	 	   0.8 	 	  0.6 	 	    1.5 	?	Box + pan	2025 Dec  6	     512	 	     515	 	 97.44 	 	LLEO/S	-	-
S66752    	66752	2025-276	2025-276CQ	P           	ICEYE SAR-1	ICEYE-X59	2025 Nov 28	A11695	2025 Nov 28 2010:05	Earth	-	O	-	ELKED	GR	ICEYE	ICEYE	-	     120 	 	    120 	 	     120 	 	   0.8 	 	  0.6 	 	    1.5 	?	Box + pan	2025 Dec  6	     511	 	     513	 	 97.44 	 	LLEO/S	-	-
S66753    	66753	2025-276	2025-276CR	P           	ICEYE SAR-2	ICEYE-X60	2025 Nov 28	A11695	2025 Nov 28 2003:25	Earth	-	O	-	ELKED	GR	ICEYE	ICEYE	-	     120 	 	    120 	 	     120 	 	   0.8 	 	  0.6 	 	    1.5 	?	Box + pan	2025 Dec  6	     511	 	     514	 	 97.44 	 	LLEO/S	-	-
S66754    	66754	2025-276	2025-276CS	P           	MikroSAR	ICEYE-X61	2025 Nov 28	A11695	2025 Nov 28 2003:13	Earth	-	O	-	ARGUS/MON	PL	ICEYE	ICEYE	-	     120 	 	    120 	 	     120 	 	   0.8 	 	  0.6 	 	    1.5 	?	Box + pan	2025 Dec 19	     512	 	     513	 	 97.44 	 	LLEO/S	-	-
S66755    	66755	2025-276	2025-276CT	P           	ICEYE-X62	ICEYE-X62	2025 Nov 28	A11695	2025 Nov 28 2005:50	Earth	-	O	-	ICEYE	FI	ICEYE	ICEYE	-	     120 	 	    120 	 	     120 	 	   0.8 	 	  0.6 	 	    1.5 	?	Box + pan	2025 Dec  6	     512	 	     516	 	 97.44 	 	LLEO/S	-	-
S66756    	66756	2025-276	2025-276CU	P           	MAUVE	MAUVE	2025 Nov 28	A11695	2025 Nov 28 1944:57	Earth	-	O	-	BLSKSP	UK	C3S	Cubesat 16U	-	      24 	 	     24 	 	      24 	 	   0.4 	 	  0.2 	 	    0.6 	 	Box+2 pan	2025 Dec 19	     508	 	     512	 	 97.44 	 	LLEO/S	-	-
S66757    	66757	2025-276	2025-276CV	P           	PIAST-S2	PIAST-S2	2025 Nov 28	A11695	2025 Nov 28 1944:44	Earth	-	O	-	WAT	PL	CREO	Cubesat 6U	-	      12 	 	     12 	 	      12 	 	   0.3 	 	  0.2 	 	    0.3 	 	Box	2025 Dec  6	     511	 	     513	 	 97.45 	 	LLEO/S	-	-
S66758    	66758	2025-276	2025-276CW	P           	PIAST-M	PIAST-M	2025 Nov 28	A11695	2025 Nov 28 1944:15	Earth	-	O	-	WAT	PL	CREO	Cubesat 6U	-	      12 	 	     12 	 	      12 	 	   0.3 	 	  0.2 	 	    0.3 	 	Box	2025 Dec  6	     511	 	     512	 	 97.44 	 	LLEO/S	-	-
S66759    	NNA	2025-276	2025-276CX	P       ?   	Phasma-Lamarr	Phasma-Lamarr	2025 Nov 28	A11695	2025 Nov 28 1942:14	Earth	-	O	-	LIBRE/ELKED	GR	LIBRE	Cubesat 3U	-	       5 	 	      5 	 	       5 	 	   0.3 	 	  0.1 	 	    0.3 	 	Box	2025 Dec  6	     512	 	     516	 	 97.45 	 	LLEO/S	-	-
S66760    	NNA	2025-276	2025-276CY	P       ?   	PW-6U	PW-6U	2025 Nov 28	A11695	2025 Nov 28 1941:21	Earth	-	O	-	SATRV	PL	SATRV	Cubesat 6U	-	      12 	 	     12 	 	      12 	 	   0.3 	 	  0.2 	 	    0.3 	 	Box	2025 Dec 19	     512	 	     515	 	 97.44 	 	LLEO/S	-	-
S66761    	NNA	2025-276	2025-276CZ	P       ?   	TRYAD 2	TRYAD 2	2025 Nov 28	A11695	2025 Nov 28 1939:34	Earth	-	O	-	AUBU/UAH	US	AUBU	Cubesat 6U	-	      12 	 	     12 	 	      12 	 	   0.3 	 	  0.2 	 	    0.3 	 	Box	2025 Dec 19	     512	 	     519	 	 97.44 	 	LLEO/S	-	-
S66762    	66762	2025-276	2025-276DA	P           	HydroGNSS-1	HydroGNSS-1	2025 Nov 28	A11695	2025 Nov 28 2004:02	Earth	-	O	-	ESA	I-ESA	SSTL	SSTL-21	-	      65 	 	     65 	 	      65 	 	   0.7 	 	  0.5 	 	    1.5 	 	Box +3 pan	2025 Dec 19	     513	 	     514	 	 97.44 	 	LLEO/S	-	-
S66763    	66763	2025-276	2025-276DB	P           	HydroGNSS-2	HydroGNSS-2	2025 Nov 28	A11695	2025 Nov 28 2007:32	Earth	-	O	-	ESA	I-ESA	SSTL	SSTL-21	-	      65 	 	     65 	 	      65 	 	   0.7 	 	  0.5 	 	    1.5 	 	Box +3 pan	2025 Dec 19	     512	 	     514	 	 97.44 	 	LLEO/S	-	-
S66764    	66764	2025-276	2025-276DC	P           	Nahla	Nahla	2025 Nov 28	A11695	2025 Nov 28 2004:37	Earth	-	O	-	ASPLB	B	ASPLB	VSP-150	0	     200 	?	    200 	?	     200 	?	   1.0 	?	  0.5 	?	    3.0 	 	Box + 2 pan	2025 Dec 19	     511	 	     513	 	 97.44 	 	LLEO/S	-	-
S66765    	NNA	2025-276	2025-276DD	P       ?   	WISDOM B	WISDOM B	2025 Nov 28	A11695	2025 Nov 28 1942:55	Earth	-	O	-	C3S	HU	C3S	Cubesat 3U	-	       5 	 	      5 	 	       5 	 	   0.3 	 	  0.1 	 	    0.3 	 	Box	2025 Dec  6	     512	 	     517	 	 97.44 	 	LLEO/S	-	-
S66766    	66766	2025-276	2025-276DE	P           	Bellbird-1	T.Microsat-1	2025 Nov 28	A11695	2025 Nov 28 1941:22	Earth	-	O	-	TASA/TRON	TW	TRON	Cubesat 8U	-	      15 	?	     15 	?	      15 	 	   0.4 	 	  0.2 	 	    0.4 	 	Box	2025 Dec 19	     511	 	     515	 	 97.44 	 	LLEO/S	-	-
S66767    	66767	2025-276	2025-276DF	P           	Accenture-1	Accenture-1	2025 Nov 28	A11695	2025 Nov 28 1940:29	Earth	-	O	-	OCOS/ACCRE	UK	OCOS	Cubesat 6U	-	      12 	 	     12 	 	      12 	 	   0.3 	 	  0.2 	 	    0.3 	 	Box	2025 Dec 20	     511	 	     517	 	 97.45 	 	LLEO/S	-	-
S66768    	66768	2025-276	2025-276DG	P           	Lemur-2 Teodor	Lemur-2	2025 Nov 28	A11695	2025 Nov 28 1940:07	Earth	-	O	-	SPIRE	US	SPIREG	Cubesat 3U	-	       7.600	 	      7.600	 	       7.600	 	   0.3 	 	  0.1 	 	    1.0 	 	Box+ 2 pan	2025 Dec 19	     512	 	     518	 	 97.44 	 	LLEO/S	-	-
S66769    	66769	2025-276	2025-276DH	P           	Speqtre	Speqtre	2025 Nov 28	A11695	2025 Nov 28 1940:36	Earth	-	O	-	RAL/SPEQ	UK	ISISBV	Cubesat 12U	-	      20 	?	     20 	?	      20 	?	   0.3 	 	  0.2 	?	    0.3 	?	Box	2025 Dec 19	     511	 	     516	 	 97.44 	 	LLEO/S	-	-
S66770    	66770	2025-276	2025-276DJ	P           	Lilium 3	Lilium 3	2025 Nov 28	A11695	2025 Nov 28 1942:05	Earth	-	O	-	NCKU	TW	SATORO	Cubesat 6U	-	      12 	 	     12 	 	      12 	 	   0.3 	 	  0.2 	 	    0.3 	 	Box	2025 Dec 19	     507	 	     511	 	 97.45 	 	LLEO/S	-	-
S66771    	66771	2025-276	2025-276DK	P           	Gyeonggisat-1	Observer-1B	2025 Nov 28	A11695	2025 Nov 28 1940:46	Earth	-	O	-	NARAST	KR	NARAST	Cubesat 16U	-	      25 	?	     25 	?	      25 	?	   0.4 	 	  0.4 	 	    0.4 	 	Box	2025 Dec 19	     512	 	     517	 	 97.45 	 	LLEO/S	-	-
S66772    	66772	2025-276	2025-276DL	P           	IHI-SAT-2	IHI-SAT-2	2025 Nov 28	A11695	2025 Nov 28 1939:19	Earth	-	O	-	IHIC	J	NANAV	Cubesat 6U	-	      12 	 	     12 	 	      12 	 	   0.3 	 	  0.2 	 	    0.3 	 	Box	2025 Dec 19	     507	 	     511	 	 97.45 	 	LLEO/S	-	-
S66773    	NNA	2025-276	2025-276DM	P       ?   	CTC-1A	CTC-1A	2025 Nov 28	A11695	2025 Nov 28 1941:36	Earth	-	O	-	SPCOIN/ARROW	US	ARROW	Cubesat 16U	-	      21 	 	     21 	 	      21 	 	   0.4 	 	  0.2 	 	    0.4 	 	Box	2025 Dec  6	     512	 	     512	 	 97.44 	 	LLEO/S	-	-
S66774    	66774	2025-276	2025-276DN	P           	Gena-OT-1	Gena-OT-1	2025 Nov 28	A11695	2025 Nov 28 1939:57	Earth	-	O	-	ORORA/UBWM	D	ORORA	Cubesat 12U	-	      15 	?	     15 	?	      15 	?	   0.3 	 	  0.2 	 	    0.4 	 	Box+2 pan	2025 Dec 19	     512	 	     519	 	 97.44 	 	LLEO/S	-	-
S66775    	66775	2025-276	2025-276DP	P           	PHI-1	PHI-1	2025 Nov 28	A11695	2025 Nov 28 1939:28	Earth	-	O	-	MBRSC	UAE	MBRSC	Cubesat 12U	-	      20 	?	     20 	?	      20 	?	   0.3 	 	  0.2 	?	    0.3 	?	Box	2025 Dec 19	     509	 	     519	 	 97.43 	 	LLEO/S	-	-
S66776    	66776	2025-276	2025-276DQ	P           	Lemur-2 Laila	Lemur-2	2025 Nov 28	A11695	2025 Nov 28 1939:41	Earth	-	O	-	SPIRE	US	SPIREG	Cubesat 3U	-	       7.600	 	      7.600	 	       7.600	 	   0.3 	 	  0.1 	 	    1.0 	 	Box+ 2 pan	2025 Dec 19	     510	 	     518	 	 97.44 	 	LLEO/S	-	-
S66777    	66777	2025-276	2025-276DR	P           	Luna-1	Luna-1	2025 Nov 28	A11695	2025 Nov 28 1940:26	Earth	-	O	-	ASELSN	TR	ASELSN	Cubesat 6U?	-	      12 	?	     12 	?	      12 	?	   0.3 	 	  0.2 	 	    0.3 	 	Box	2025 Dec 19	     511	 	     517	 	 97.45 	 	LLEO/S	-	-
S66778    	66778	2025-276	2025-276DS	P           	Foresail-1 Prime	Foresail-1 Prime	2025 Nov 28	A11698	2025 Dec	Earth	-	O	-	AALTO	FI	AALTO	Cubesat 3U	-	       4 	 	      4 	 	       4 	 	   0.3 	 	  0.1 	 	    0.3 	 	Box	2025 Dec 18	     514	 	     518	 	 97.44 	 	LLEO/S	-	-
S66779    	66779	2025-276	2025-276DT	P           	WISESAT-5	FOSSASAT-2E22	2025 Nov 28	A11701	2025 Dec?	Earth	-	O	-	WISEK/FOSSA	CH	FOSSA	Cubesat 3U	-	       4 	 	      4 	 	       4 	 	   0.3 	 	  0.1 	 	    0.3 	 	Box + 2 pan	2026 Jan 31	     510	 	     516	 	 97.43 	 	LLEO/S	-	-
S66780    	66780	2025-276	2025-276DU	P           	WISESAT-7	FOSSASAT-2E24	2025 Nov 28	A11701	2025 Dec?	Earth	-	O	-	WISEK/FOSSA	CH	FOSSA	Cubesat 3U	-	       4 	 	      4 	 	       4 	 	   0.3 	 	  0.1 	 	    0.3 	 	Box + 2 pan	2026 Jan 30	     510	 	     514	 	 97.43 	 	LLEO/S	-	-
S66781    	66781	2025-276	2025-276DV	P           	Lemur-2-Celijo-SB-PK	Lacuna-4	2025 Nov 28	A11698	2026 Feb 16?	Earth	-	O	-	SPIRE/LACU	US	SPIREG	Cubesat 4U	-	       5 	 	      5 	 	       5 	 	   0.4 	 	  0.1 	 	    0.4 	 	Box	2026 Mar 19	     561	 	     584	 	 97.53 	 	LLEO/S	-	-
S66782    	66782	2025-276	2025-276DW	P           	Lemur-2-Finnian	Lacuna-3	2025 Nov 28	A11698	2026 Feb 16?	Earth	-	O	-	SPIRE/LACU	US	SPIREG	Cubesat 4U	-	       5 	 	      5 	 	       5 	 	   0.4 	 	  0.1 	 	    0.4 	 	Box	2026 Mar 19	     564	 	     574	 	 97.53 	 	LLEO/S	-	-
S66783    	66783	2025-276	2025-276DX	P           	Lemur-2 Starlight	Lemur-2	2025 Nov 28	A11698	2026 Feb 16?	Earth	-	O	-	SPIRE	US	SPIREG	Cubesat 3U	-	       7.600	 	      7.600	 	       7.600	 	   0.3 	 	  0.1 	 	    1.0 	 	Box+ 2 pan	2026 Mar 19	     562	 	     584	 	 97.53 	 	LLEO/S	-	-
S66784    	66784	2025-276	2025-276DY	P           	Lemur-2 Tartiflette	Lemur-2	2025 Nov 28	A11698	2026 Feb 16?	Earth	-	O	-	SPIRE	US	SPIREG	Cubesat 3U	-	       7.600	 	      7.600	 	       7.600	 	   0.3 	 	  0.1 	 	    1.0 	 	Box+ 2 pan	2026 Mar 20	     562	 	     584	 	 97.53 	 	LLEO/S	-	-
S66785    	66785	2025-276	2025-276DZ	P           	Lemur-2-Vukasin	Lacuna-5	2025 Nov 28	A11699	2026 Feb 19?	Earth	-	O	-	SPIRE/LACU	US	SPIREG	Cubesat 4U	-	       5 	 	      5 	 	       5 	 	   0.4 	 	  0.1 	 	    0.4 	 	Box	2026 Mar 19	     562	 	     584	 	 97.53 	 	LLEO/S	-	-
S66786    	66786	2025-276	2025-276EA	P           	Lemur-2 Hotspur-Tom	Lemur-2	2025 Nov 28	A11699	2026 Feb 19?	Earth	-	O	-	SPIRE	US	SPIREG	Cubesat 3U	-	       7.600	 	      7.600	 	       7.600	 	   0.3 	 	  0.1 	 	    1.0 	 	Box+ 2 pan	2026 Mar 20	     562	 	     584	 	 97.53 	 	LLEO/S	-	-
S66787    	66787	2025-276	2025-276EB	P           	Lemur-2 Myra	Lacuna-6	2025 Nov 28	A11699	2026 Feb 19?	Earth	-	O	-	SPIRE/LACU	US	SPIREG	Cubesat 4U	-	       5 	 	      5 	 	       5 	 	   0.4 	 	  0.1 	 	    0.4 	 	Box	2026 Mar 19	     561	 	     577	 	 97.53 	 	LLEO/S	-	-
S66788    	66788	2025-276	2025-276EC	P           	WISESAT-6	FOSSASAT-2E23	2025 Nov 28	A11701	2026 Jan?	Earth	-	O	-	WISEK/FOSSA	CH	FOSSA	Cubesat 3U	-	       4 	 	      4 	 	       4 	 	   0.3 	 	  0.1 	 	    0.3 	 	Box + 2 pan	2026 Feb 19	     565	 	     579	 	 97.54 	 	LLEO/S	-	-
S67483    	67483	2025-276	2025-276ED	P           	ION Stellar Stephanus	ION SCV-021	2025 Nov 28	A11695	2025 Nov 28 2008:23	Earth	-	O	-	DORBIT	I	DORBIT	ION-SC	PM200	     150 	 	    150 	 	     220 	 	   0.4 	 	  0.4 	 	    0.4 	 	Box	2025 Dec 19	     507	 	     511	 	 97.44 	 	LLEO/S	-	-
